timestamp,app_name,duration_s,voltage_v
2024-02-01 00:00:00,System_Idle,300.0,4.0844
2024-02-01 00:05:00,System_Idle,300.0,4.1019
2024-02-01 00:10:00,System_Idle,300.0,4.0944
2024-02-01 00:15:00,System_Idle,300.0,4.0992
2024-02-01 00:20:00,System_Idle,300.0,4.0885
2024-02-01 00:25:00,System_Idle,300.0,4.098
2024-02-01 00:30:00,System_Idle,300.0,4.0953
2024-02-01 00:35:00,System_Idle,300.0,4.0851
2024-02-01 00:40:00,System_Idle,300.0,4.075
2024-02-01 00:45:00,System_Idle,300.0,4.0982
2024-02-01 00:50:00,System_Idle,300.0,4.0824
2024-02-01 00:55:00,System_Idle,300.0,4.0854
2024-02-01 01:00:00,System_Idle,300.0,4.0706
2024-02-01 01:05:00,System_Idle,300.0,4.0857
2024-02-01 01:10:00,System_Idle,300.0,4.0862
2024-02-01 01:15:00,System_Idle,300.0,4.0865
2024-02-01 01:20:00,System_Idle,300.0,4.0708
2024-02-01 01:25:00,System_Idle,300.0,4.0794
2024-02-01 01:30:00,System_Idle,300.0,4.0722
2024-02-01 01:35:00,System_Idle,300.0,4.0842
2024-02-01 01:40:00,System_Idle,300.0,4.0793
2024-02-01 01:45:00,System_Idle,300.0,4.0583
2024-02-01 01:50:00,System_Idle,300.0,4.0739
2024-02-01 01:55:00,System_Idle,300.0,4.0809
2024-02-01 02:00:00,System_Idle,300.0,4.0754
2024-02-01 02:05:00,System_Idle,300.0,4.0574
2024-02-01 02:10:00,System_Idle,300.0,4.0638
2024-02-01 02:15:00,System_Idle,300.0,4.091
2024-02-01 02:20:00,System_Idle,300.0,4.0601
2024-02-01 02:25:00,System_Idle,300.0,4.0679
2024-02-01 02:30:00,System_Idle,300.0,4.0731
2024-02-01 02:35:00,System_Idle,300.0,4.0435
2024-02-01 02:40:00,System_Idle,300.0,4.0595
2024-02-01 02:45:00,System_Idle,300.0,4.0527
2024-02-01 02:50:00,System_Idle,300.0,4.0411
2024-02-01 02:55:00,System_Idle,300.0,4.0712
2024-02-01 03:00:00,System_Idle,300.0,4.0689
2024-02-01 03:05:00,System_Idle,300.0,4.0431
2024-02-01 03:10:00,System_Idle,300.0,4.0652
2024-02-01 03:15:00,System_Idle,300.0,4.054
2024-02-01 03:20:00,System_Idle,300.0,4.0569
2024-02-01 03:25:00,System_Idle,300.0,4.0372
2024-02-01 03:30:00,System_Idle,300.0,4.0535
2024-02-01 03:35:00,System_Idle,300.0,4.0414
2024-02-01 03:40:00,System_Idle,300.0,4.0348
2024-02-01 03:45:00,System_Idle,300.0,4.0463
2024-02-01 03:50:00,System_Idle,300.0,4.0343
2024-02-01 03:55:00,System_Idle,300.0,4.0407
2024-02-01 04:00:00,System_Idle,300.0,4.0445
2024-02-01 04:05:00,System_Idle,300.0,4.0437
2024-02-01 04:10:00,System_Idle,300.0,4.0381
2024-02-01 04:15:00,System_Idle,300.0,4.0313
2024-02-01 04:20:00,System_Idle,300.0,4.0194
2024-02-01 04:25:00,System_Idle,300.0,0.0
2024-02-01 04:30:00,System_Idle,300.0,4.0371
2024-02-01 04:35:00,System_Idle,300.0,4.05
2024-02-01 04:40:00,System_Idle,300.0,4.028
2024-02-01 04:45:00,System_Idle,300.0,4.0373
2024-02-01 04:50:00,System_Idle,300.0,4.0324
2024-02-01 04:55:00,System_Idle,300.0,4.0157
2024-02-01 05:00:00,System_Idle,300.0,4.0267
2024-02-01 05:05:00,System_Idle,300.0,4.032
2024-02-01 05:10:00,System_Idle,300.0,
2024-02-01 05:15:00,System_Idle,300.0,4.0208
2024-02-01 05:20:00,System_Idle,300.0,
2024-02-01 05:25:00,System_Idle,300.0,4.0389
2024-02-01 05:30:00,System_Idle,300.0,4.0323
2024-02-01 05:35:00,System_Idle,300.0,4.0061
2024-02-01 05:40:00,System_Idle,300.0,4.0087
2024-02-01 05:45:00,System_Idle,300.0,4.0226
2024-02-01 05:50:00,System_Idle,300.0,4.0191
2024-02-01 05:55:00,System_Idle,300.0,4.0243
2024-02-01 06:00:00,System_Idle,300.0,4.0334
2024-02-01 06:05:00,System_Idle,300.0,4.0083
2024-02-01 06:10:00,System_Idle,300.0,4.0161
2024-02-01 06:15:00,System_Idle,300.0,4.0099
2024-02-01 06:20:00,System_Idle,300.0,4.0235
2024-02-01 06:25:00,System_Idle,300.0,4.0085
2024-02-01 06:30:00,System_Idle,300.0,4.0068
2024-02-01 06:35:00,System_Idle,300.0,3.9825
2024-02-01 06:40:00,System_Idle,300.0,4.0108
2024-02-01 06:45:00,System_Idle,300.0,4.0184
2024-02-01 06:50:00,System_Idle,300.0,4.0118
2024-02-01 06:55:00,System_Idle,300.0,4.0053
2024-02-01 07:00:00,System_Idle,300.0,4.0015
2024-02-01 07:05:00,System_Idle,300.0,4.0009
2024-02-01 07:10:00,System_Idle,300.0,4.0008
2024-02-01 07:15:00,System_Idle,300.0,3.9911
2024-02-01 07:20:00,System_Idle,300.0,3.9781
2024-02-01 07:25:00,System_Idle,300.0,3.9896
2024-02-01 07:30:00,System_Idle,300.0,4.0055
2024-02-01 07:35:00,System_Idle,300.0,4.0002
2024-02-01 07:40:00,System_Idle,300.0,3.9965
2024-02-01 07:45:00,System_Idle,300.0,4.0022
2024-02-01 07:50:00,TikTok,300.0,3.9614
2024-02-01 07:55:00,TikTok,134.77919988701797,3.9391
2024-02-01 08:00:00,WeChat,285.19568806693536,3.9463
2024-02-01 08:05:00,WeChat,48.19214412135657,3.9378
2024-02-01 08:10:00,WeChat,96.7820206084829,3.9322
2024-02-01 08:15:00,System_Idle,300.0,3.9273
2024-02-01 08:20:00,System_Idle,300.0,3.9093
2024-02-01 08:25:00,System_Idle,300.0,3.9476
2024-02-01 08:30:00,System_Idle,300.0,3.9395
2024-02-01 08:35:00,System_Idle,300.0,3.9341
2024-02-01 08:40:00,System_Idle,300.0,3.9336
2024-02-01 08:45:00,System_Idle,300.0,3.9241
2024-02-01 08:50:00,System_Idle,300.0,3.933
2024-02-01 08:55:00,System_Idle,300.0,3.9346
2024-02-01 09:00:00,System_Idle,300.0,3.9314
2024-02-01 09:05:00,System_Idle,300.0,3.9217
2024-02-01 09:10:00,System_Idle,300.0,3.9296
2024-02-01 09:15:00,System_Idle,300.0,3.9262
2024-02-01 09:20:00,System_Idle,300.0,3.9267
2024-02-01 09:25:00,System_Idle,300.0,3.9059
2024-02-01 09:30:00,System_Idle,300.0,3.9388
2024-02-01 09:35:00,WeChat,142.78417899583542,3.8943
2024-02-01 09:40:00,Camera,300.0,3.8547
2024-02-01 09:45:00,Camera,0.68915622601736,3.8126
2024-02-01 09:50:00,WeChat,176.42702318216593,3.8413
2024-02-01 09:55:00,System_Idle,300.0,3.8582
2024-02-01 10:00:00,System_Idle,300.0,3.8677
2024-02-01 10:05:00,WeChat,88.42668189720125,3.8444
2024-02-01 10:10:00,WeChat,19.012528074179816,3.8151
2024-02-01 10:15:00,TikTok,300.0,3.8043
2024-02-01 10:20:00,TikTok,300.0,3.7834
2024-02-01 10:25:00,TikTok,300.0,3.7724
2024-02-01 10:30:00,TikTok,300.0,3.7483
2024-02-01 10:35:00,TikTok,300.0,3.7395
2024-02-01 10:40:00,TikTok,300.0,3.7064
2024-02-01 10:45:00,TikTok,231.84675118928317,3.7245
2024-02-01 10:50:00,System_Idle,300.0,3.7422
2024-02-01 10:55:00,System_Idle,300.0,3.7437
2024-02-01 11:00:00,System_Idle,300.0,3.7507
2024-02-01 11:05:00,System_Idle,300.0,3.7456
2024-02-01 11:10:00,System_Idle,300.0,3.7247
2024-02-01 11:15:00,System_Idle,300.0,3.725
2024-02-01 11:20:00,System_Idle,300.0,3.7447
2024-02-01 11:25:00,System_Idle,300.0,3.7276
2024-02-01 11:30:00,System_Idle,300.0,0.0
2024-02-01 11:35:00,System_Idle,300.0,3.7131
2024-02-01 11:40:00,System_Idle,300.0,3.7361
2024-02-01 11:45:00,System_Idle,300.0,3.7389
2024-02-01 11:50:00,System_Idle,300.0,3.7212
2024-02-01 11:55:00,System_Idle,300.0,3.7335
2024-02-01 12:00:00,System_Idle,300.0,3.7295
2024-02-01 12:05:00,System_Idle,300.0,3.7244
2024-02-01 12:10:00,System_Idle,300.0,3.7458
2024-02-01 12:15:00,System_Idle,300.0,3.7099
2024-02-01 12:20:00,System_Idle,300.0,3.718
2024-02-01 12:25:00,System_Idle,300.0,3.7118
2024-02-01 12:30:00,System_Idle,300.0,3.7275
2024-02-01 12:35:00,System_Idle,300.0,3.7151
2024-02-01 12:40:00,System_Idle,300.0,3.7318
2024-02-01 12:45:00,System_Idle,300.0,3.7076
2024-02-01 12:50:00,System_Idle,300.0,3.7157
2024-02-01 12:55:00,System_Idle,300.0,3.7388
2024-02-01 13:00:00,System_Idle,300.0,3.717
2024-02-01 13:05:00,System_Idle,300.0,3.707
2024-02-01 13:10:00,System_Idle,300.0,3.7246
2024-02-01 13:15:00,System_Idle,300.0,3.7076
2024-02-01 13:20:00,System_Idle,300.0,3.7195
2024-02-01 13:25:00,System_Idle,300.0,3.7042
2024-02-01 13:30:00,System_Idle,300.0,3.7047
2024-02-01 13:35:00,System_Idle,300.0,3.7123
2024-02-01 13:40:00,System_Idle,300.0,3.717
2024-02-01 13:45:00,System_Idle,300.0,3.7052
2024-02-01 13:50:00,System_Idle,300.0,3.6954
2024-02-01 13:55:00,System_Idle,300.0,3.7147
2024-02-01 14:00:00,System_Idle,300.0,3.7002
2024-02-01 14:05:00,System_Idle,300.0,3.7079
2024-02-01 14:10:00,TikTok,248.39697043484875,3.6351
2024-02-01 14:15:00,WeChat,94.95810111846235,3.6664
2024-02-01 14:20:00,WeChat,110.23231157972788,3.6586
2024-02-01 14:25:00,WeChat,33.41342154135069,3.6371
2024-02-01 14:30:00,WeChat,57.4171237916033,3.6307
2024-02-01 14:35:00,System_Idle,300.0,3.6678
2024-02-01 14:40:00,System_Idle,300.0,3.6448
2024-02-01 14:45:00,System_Idle,300.0,3.6591
2024-02-01 14:50:00,System_Idle,300.0,3.6322
2024-02-01 14:55:00,System_Idle,300.0,3.6521
2024-02-01 15:00:00,System_Idle,300.0,3.6503
2024-02-01 15:05:00,System_Idle,300.0,3.6485
2024-02-01 15:10:00,System_Idle,300.0,3.6487
2024-02-01 15:15:00,System_Idle,300.0,3.6502
2024-02-01 15:20:00,System_Idle,300.0,3.6647
2024-02-01 15:25:00,System_Idle,300.0,3.6569
2024-02-01 15:30:00,System_Idle,300.0,3.6383
2024-02-01 15:35:00,System_Idle,300.0,3.6526
2024-02-01 15:40:00,System_Idle,300.0,3.6655
2024-02-01 15:45:00,System_Idle,300.0,3.6297
2024-02-01 15:50:00,TikTok,300.0,3.6117
2024-02-01 15:55:00,TikTok,300.0,3.5883
2024-02-01 16:00:00,TikTok,300.0,3.568
2024-02-01 16:05:00,TikTok,300.0,3.566
2024-02-01 16:10:00,TikTok,300.0,3.5166
2024-02-01 16:15:00,TikTok,278.07193994198883,3.517
2024-02-01 16:20:00,TikTok,300.0,3.4943
2024-02-01 16:25:00,TikTok,300.0,3.5008
2024-02-01 16:30:00,TikTok,300.0,3.4691
2024-02-01 16:35:00,TikTok,300.0,3.4941
2024-02-01 16:40:00,TikTok,24.491586839013735,3.4303
2024-02-01 16:45:00,WeChat,45.88228593044443,3.4588
2024-02-01 16:50:00,TikTok,300.0,3.413
2024-02-01 16:55:00,TikTok,300.0,3.4164
2024-02-01 17:00:00,TikTok,300.0,3.3975
2024-02-01 17:05:00,TikTok,300.0,3.365
2024-02-01 17:10:00,TikTok,300.0,3.3685
2024-02-01 17:15:00,TikTok,300.0,3.3455
2024-02-01 17:20:00,TikTok,300.0,3.3501
2024-02-01 17:25:00,TikTok,300.0,3.3447
2024-02-01 17:30:00,TikTok,300.0,3.3085
2024-02-01 17:35:00,TikTok,300.0,3.3135
2024-02-01 17:40:00,TikTok,300.0,3.2815
2024-02-01 17:45:00,TikTok,300.0,3.2856
2024-02-01 17:50:00,TikTok,300.0,3.3159
2024-02-01 17:55:00,TikTok,300.0,3.2732
2024-02-01 18:00:00,TikTok,300.0,3.2729
2024-02-01 18:05:00,TikTok,300.0,3.3072
2024-02-01 18:10:00,TikTok,300.0,3.2931
2024-02-01 18:15:00,TikTok,300.0,3.2721
2024-02-01 18:20:00,TikTok,300.0,3.3049
2024-02-01 18:25:00,TikTok,300.0,3.2751
2024-02-01 18:30:00,TikTok,300.0,3.2715
2024-02-01 18:35:00,TikTok,300.0,3.2794
2024-02-01 18:40:00,TikTok,300.0,3.296
2024-02-01 18:45:00,TikTok,300.0,3.2783
2024-02-01 18:50:00,TikTok,300.0,3.2602
2024-02-01 18:55:00,TikTok,300.0,3.3127
2024-02-01 19:00:00,TikTok,300.0,3.3048
2024-02-01 19:05:00,TikTok,300.0,3.284
2024-02-01 19:10:00,TikTok,300.0,3.2967
2024-02-01 19:15:00,TikTok,300.0,3.2941
2024-02-01 19:20:00,TikTok,300.0,3.2597
2024-02-01 19:25:00,TikTok,300.0,3.3053
2024-02-01 19:30:00,TikTok,300.0,
2024-02-01 19:35:00,TikTok,300.0,3.2618
2024-02-01 19:40:00,TikTok,300.0,3.3236
2024-02-01 19:45:00,TikTok,300.0,3.2984
2024-02-01 19:50:00,TikTok,300.0,3.2779
2024-02-01 19:55:00,TikTok,300.0,3.2603
2024-02-01 20:00:00,TikTok,300.0,3.2898
2024-02-01 20:05:00,TikTok,87.3499844461112,3.2647
2024-02-01 20:10:00,System_Idle,300.0,3.3342
2024-02-01 20:15:00,Camera,145.2034206270674,3.2957
2024-02-01 20:20:00,System_Idle,300.0,
2024-02-01 20:25:00,TikTok,214.33248166007309,3.2976
2024-02-01 20:30:00,WeChat,115.55347724071646,3.2973
2024-02-01 20:35:00,System_Idle,300.0,3.3397
2024-02-01 20:40:00,System_Idle,300.0,3.341
2024-02-01 20:45:00,System_Idle,300.0,3.3338
2024-02-01 20:50:00,System_Idle,300.0,3.3351
2024-02-01 20:55:00,System_Idle,300.0,3.3134
2024-02-01 21:00:00,System_Idle,300.0,3.3566
2024-02-01 21:05:00,System_Idle,300.0,3.3133
2024-02-01 21:10:00,System_Idle,300.0,3.35
2024-02-01 21:15:00,System_Idle,300.0,3.3179
2024-02-01 21:20:00,System_Idle,300.0,3.3234
2024-02-01 21:25:00,System_Idle,300.0,3.3282
2024-02-01 21:30:00,System_Idle,300.0,3.3276
2024-02-01 21:35:00,System_Idle,300.0,3.3235
2024-02-01 21:40:00,System_Idle,300.0,3.3408
2024-02-01 21:45:00,System_Idle,300.0,3.3342
2024-02-01 21:50:00,System_Idle,300.0,3.3347
2024-02-01 21:55:00,System_Idle,300.0,3.3254
2024-02-01 22:00:00,System_Idle,300.0,3.3098
2024-02-01 22:05:00,System_Idle,300.0,3.3055
2024-02-01 22:10:00,System_Idle,300.0,3.3193
2024-02-01 22:15:00,System_Idle,300.0,3.3438
2024-02-01 22:20:00,System_Idle,300.0,3.3645
2024-02-01 22:25:00,System_Idle,300.0,3.346
2024-02-01 22:30:00,System_Idle,300.0,3.3639
2024-02-01 22:35:00,System_Idle,300.0,3.3579
2024-02-01 22:40:00,System_Idle,300.0,3.36
2024-02-01 22:45:00,System_Idle,300.0,3.357
2024-02-01 22:50:00,System_Idle,300.0,3.3602
2024-02-01 22:55:00,System_Idle,300.0,3.36
2024-02-01 23:00:00,System_Idle,300.0,3.3589
2024-02-01 23:05:00,System_Idle,300.0,3.3351
2024-02-01 23:10:00,System_Idle,300.0,3.3495
2024-02-01 23:15:00,System_Idle,300.0,3.3255
2024-02-01 23:20:00,System_Idle,300.0,3.3316
2024-02-01 23:25:00,System_Idle,300.0,3.3517
2024-02-01 23:30:00,System_Idle,300.0,3.3407
2024-02-01 23:35:00,System_Idle,300.0,3.3683
2024-02-01 23:40:00,System_Idle,300.0,3.3437
2024-02-01 23:45:00,System_Idle,300.0,3.3429
2024-02-01 23:50:00,System_Idle,300.0,
2024-02-01 23:55:00,System_Idle,300.0,3.3452
2024-02-02 00:00:00,System_Idle,300.0,3.3313
2024-02-02 00:05:00,System_Idle,300.0,3.3552
2024-02-02 00:10:00,System_Idle,300.0,3.3279
2024-02-02 00:15:00,System_Idle,300.0,3.3426
2024-02-02 00:20:00,System_Idle,300.0,3.3742
2024-02-02 00:25:00,System_Idle,300.0,3.335
2024-02-02 00:30:00,System_Idle,300.0,3.34
2024-02-02 00:35:00,System_Idle,300.0,3.3339
2024-02-02 00:40:00,System_Idle,300.0,3.3276
2024-02-02 00:45:00,System_Idle,300.0,3.3387
2024-02-02 00:50:00,System_Idle,300.0,3.3111
2024-02-02 00:55:00,System_Idle,300.0,3.3307
2024-02-02 01:00:00,System_Idle,300.0,3.3682
2024-02-02 01:05:00,System_Idle,300.0,3.4275
2024-02-02 01:10:00,System_Idle,300.0,3.4408
2024-02-02 01:15:00,System_Idle,300.0,3.4838
2024-02-02 01:20:00,System_Idle,300.0,3.5363
2024-02-02 01:25:00,System_Idle,300.0,3.5793
2024-02-02 01:30:00,System_Idle,300.0,3.6349
2024-02-02 01:35:00,System_Idle,300.0,3.6699
2024-02-02 01:40:00,System_Idle,300.0,3.7171
2024-02-02 01:45:00,System_Idle,300.0,3.7563
2024-02-02 01:50:00,System_Idle,300.0,3.7995
2024-02-02 01:55:00,System_Idle,300.0,3.8553
2024-02-02 02:00:00,System_Idle,300.0,3.9129
2024-02-02 02:05:00,System_Idle,300.0,3.9414
2024-02-02 02:10:00,System_Idle,300.0,3.95
2024-02-02 02:15:00,System_Idle,300.0,3.9459
2024-02-02 02:20:00,System_Idle,300.0,3.946
2024-02-02 02:25:00,System_Idle,300.0,3.9665
2024-02-02 02:30:00,System_Idle,300.0,3.9511
2024-02-02 02:35:00,System_Idle,300.0,3.9565
2024-02-02 02:40:00,System_Idle,300.0,3.9421
2024-02-02 02:45:00,System_Idle,300.0,3.9429
2024-02-02 02:50:00,System_Idle,300.0,3.9432
2024-02-02 02:55:00,System_Idle,300.0,3.9387
2024-02-02 03:00:00,System_Idle,300.0,3.9301
2024-02-02 03:05:00,System_Idle,300.0,3.9552
2024-02-02 03:10:00,System_Idle,300.0,3.9372
2024-02-02 03:15:00,Camera,144.60131093804745,3.8598
2024-02-02 03:20:00,System_Idle,300.0,3.9335
2024-02-02 03:25:00,System_Idle,300.0,3.9014
2024-02-02 03:30:00,System_Idle,300.0,3.9005
2024-02-02 03:35:00,System_Idle,300.0,3.9333
2024-02-02 03:40:00,System_Idle,300.0,3.9082
2024-02-02 03:45:00,System_Idle,300.0,3.9028
2024-02-02 03:50:00,System_Idle,300.0,3.9095
2024-02-02 03:55:00,System_Idle,300.0,3.9063
2024-02-02 04:00:00,System_Idle,300.0,3.9032
2024-02-02 04:05:00,System_Idle,300.0,3.9114
2024-02-02 04:10:00,System_Idle,300.0,3.9321
2024-02-02 04:15:00,System_Idle,300.0,3.9433
2024-02-02 04:20:00,System_Idle,300.0,3.9553
2024-02-02 04:25:00,System_Idle,300.0,3.9406
2024-02-02 04:30:00,System_Idle,300.0,3.9562
2024-02-02 04:35:00,System_Idle,300.0,3.9237
2024-02-02 04:40:00,System_Idle,300.0,3.9464
2024-02-02 04:45:00,System_Idle,300.0,3.9437
2024-02-02 04:50:00,System_Idle,300.0,3.9341
2024-02-02 04:55:00,System_Idle,300.0,3.9396
2024-02-02 05:00:00,System_Idle,300.0,3.933
2024-02-02 05:05:00,System_Idle,300.0,3.9179
2024-02-02 05:10:00,System_Idle,300.0,3.9351
2024-02-02 05:15:00,System_Idle,300.0,3.9444
2024-02-02 05:20:00,System_Idle,300.0,3.943
2024-02-02 05:25:00,System_Idle,300.0,3.9303
2024-02-02 05:30:00,System_Idle,300.0,3.9308
2024-02-02 05:35:00,System_Idle,300.0,3.9271
2024-02-02 05:40:00,System_Idle,300.0,3.94
2024-02-02 05:45:00,System_Idle,300.0,3.9281
2024-02-02 05:50:00,System_Idle,300.0,3.9338
2024-02-02 05:55:00,System_Idle,300.0,3.932
2024-02-02 06:00:00,System_Idle,300.0,3.926
2024-02-02 06:05:00,System_Idle,300.0,3.9044
2024-02-02 06:10:00,System_Idle,300.0,3.9198
2024-02-02 06:15:00,System_Idle,300.0,3.916
2024-02-02 06:20:00,System_Idle,300.0,3.9159
2024-02-02 06:25:00,System_Idle,300.0,3.9222
2024-02-02 06:30:00,System_Idle,300.0,3.9094
2024-02-02 06:35:00,System_Idle,300.0,3.9319
2024-02-02 06:40:00,System_Idle,300.0,3.9187
2024-02-02 06:45:00,System_Idle,300.0,3.9102
2024-02-02 06:50:00,System_Idle,300.0,3.9299
2024-02-02 06:55:00,System_Idle,300.0,3.8943
2024-02-02 07:00:00,System_Idle,300.0,3.9148
2024-02-02 07:05:00,System_Idle,300.0,3.9171
2024-02-02 07:10:00,System_Idle,300.0,3.899
2024-02-02 07:15:00,System_Idle,300.0,3.9072
2024-02-02 07:20:00,System_Idle,300.0,3.9045
2024-02-02 07:25:00,System_Idle,300.0,3.9213
2024-02-02 07:30:00,System_Idle,300.0,3.9113
2024-02-02 07:35:00,System_Idle,300.0,3.9067
2024-02-02 07:40:00,System_Idle,300.0,3.9048
2024-02-02 07:45:00,System_Idle,300.0,3.8939
2024-02-02 07:50:00,System_Idle,300.0,3.9017
2024-02-02 07:55:00,System_Idle,300.0,3.8783
2024-02-02 08:00:00,System_Idle,300.0,3.9113
2024-02-02 08:05:00,System_Idle,300.0,3.8971
2024-02-02 08:10:00,System_Idle,300.0,3.8962
2024-02-02 08:15:00,System_Idle,300.0,3.9002
2024-02-02 08:20:00,System_Idle,300.0,3.897
2024-02-02 08:25:00,System_Idle,300.0,3.879
2024-02-02 08:30:00,System_Idle,300.0,3.8852
2024-02-02 08:35:00,System_Idle,300.0,3.8856
2024-02-02 08:40:00,System_Idle,300.0,3.8934
2024-02-02 08:45:00,System_Idle,300.0,3.8985
2024-02-02 08:50:00,System_Idle,300.0,3.8833
2024-02-02 08:55:00,System_Idle,300.0,
2024-02-02 09:00:00,System_Idle,300.0,3.885
2024-02-02 09:05:00,System_Idle,300.0,3.9042
2024-02-02 09:10:00,System_Idle,300.0,3.8676
2024-02-02 09:15:00,System_Idle,300.0,3.8775
2024-02-02 09:20:00,System_Idle,300.0,3.8699
2024-02-02 09:25:00,System_Idle,300.0,3.9009
2024-02-02 09:30:00,System_Idle,300.0,3.8693
2024-02-02 09:35:00,System_Idle,300.0,3.8818
2024-02-02 09:40:00,System_Idle,300.0,3.8629
2024-02-02 09:45:00,System_Idle,300.0,3.8543
2024-02-02 09:50:00,System_Idle,300.0,3.8754
2024-02-02 09:55:00,System_Idle,300.0,3.8837
2024-02-02 10:00:00,System_Idle,300.0,3.8773
2024-02-02 10:05:00,System_Idle,300.0,3.8687
2024-02-02 10:10:00,System_Idle,300.0,3.8699
2024-02-02 10:15:00,System_Idle,300.0,3.8634
2024-02-02 10:20:00,System_Idle,300.0,3.8658
2024-02-02 10:25:00,System_Idle,300.0,3.8511
2024-02-02 10:30:00,System_Idle,300.0,3.8671
2024-02-02 10:35:00,System_Idle,300.0,3.8589
2024-02-02 10:40:00,System_Idle,300.0,3.8582
2024-02-02 10:45:00,System_Idle,300.0,3.8519
2024-02-02 10:50:00,System_Idle,300.0,3.8494
2024-02-02 10:55:00,System_Idle,300.0,3.8649
2024-02-02 11:00:00,System_Idle,300.0,3.8596
2024-02-02 11:05:00,System_Idle,300.0,3.8801
2024-02-02 11:10:00,System_Idle,300.0,3.8665
2024-02-02 11:15:00,System_Idle,300.0,3.8618
2024-02-02 11:20:00,System_Idle,300.0,3.8336
2024-02-02 11:25:00,System_Idle,300.0,3.8461
2024-02-02 11:30:00,System_Idle,300.0,3.8506
2024-02-02 11:35:00,System_Idle,300.0,3.8579
2024-02-02 11:40:00,System_Idle,300.0,3.845
2024-02-02 11:45:00,WeChat,278.67231003680774,3.8262
2024-02-02 11:50:00,WeChat,21.900284488500628,3.813
2024-02-02 11:55:00,WeChat,100.75949264886455,3.8088
2024-02-02 12:00:00,TikTok,300.0,3.7854
2024-02-02 12:05:00,TikTok,300.0,3.7637
2024-02-02 12:10:00,TikTok,21.844492307939163,3.7551
2024-02-02 12:15:00,WeChat,24.903799995796945,3.7598
2024-02-02 12:20:00,System_Idle,300.0,3.778
2024-02-02 12:25:00,System_Idle,300.0,3.7696
2024-02-02 12:30:00,System_Idle,300.0,3.7844
2024-02-02 12:35:00,System_Idle,300.0,3.7849
2024-02-02 12:40:00,System_Idle,300.0,3.768
2024-02-02 12:45:00,System_Idle,300.0,3.7641
2024-02-02 12:50:00,System_Idle,300.0,3.7801
2024-02-02 12:55:00,System_Idle,300.0,3.7654
2024-02-02 13:00:00,System_Idle,300.0,
2024-02-02 13:05:00,System_Idle,300.0,
2024-02-02 13:10:00,System_Idle,300.0,3.7775
2024-02-02 13:15:00,System_Idle,300.0,3.7506
2024-02-02 13:20:00,System_Idle,300.0,3.7707
2024-02-02 13:25:00,System_Idle,300.0,3.7689
2024-02-02 13:30:00,System_Idle,300.0,
2024-02-02 13:35:00,System_Idle,300.0,3.7503
2024-02-02 13:40:00,System_Idle,300.0,3.7621
2024-02-02 13:45:00,HonorOfKings,300.0,3.6553
2024-02-02 13:50:00,HonorOfKings,300.0,3.639
2024-02-02 13:55:00,HonorOfKings,300.0,3.5899
2024-02-02 14:00:00,HonorOfKings,132.836498627418,3.5776
2024-02-02 14:05:00,WeChat,300.0,3.6206
2024-02-02 14:10:00,WeChat,6.3872797384089495,
2024-02-02 14:15:00,WeChat,56.89503537712925,3.6063
2024-02-02 14:20:00,TikTok,300.0,3.5992
2024-02-02 14:25:00,TikTok,300.0,3.552
2024-02-02 14:30:00,TikTok,300.0,3.5402
2024-02-02 14:35:00,TikTok,128.17561291348034,3.5192
2024-02-02 14:40:00,TikTok,300.0,3.5071
2024-02-02 14:45:00,TikTok,300.0,3.4974
2024-02-02 14:50:00,TikTok,35.575011561664724,3.4811
2024-02-02 14:55:00,WeChat,42.41903574251984,3.4943
2024-02-02 15:00:00,WeChat,227.99987105044434,3.4801
2024-02-02 15:05:00,TikTok,277.9844849937658,3.4759
2024-02-02 15:10:00,WeChat,138.26285809208926,3.4829
2024-02-02 15:15:00,Camera,137.27058640212277,3.4133
2024-02-02 15:20:00,TikTok,61.47769852072139,3.4407
2024-02-02 15:25:00,WeChat,212.1657217718569,3.4306
2024-02-02 15:30:00,TikTok,300.0,3.3925
2024-02-02 15:35:00,TikTok,300.0,3.3943
2024-02-02 15:40:00,TikTok,300.0,3.362
2024-02-02 15:45:00,TikTok,50.91137920555832,3.3754
2024-02-02 15:50:00,TikTok,300.0,3.3378
2024-02-02 15:55:00,TikTok,300.0,
2024-02-02 16:00:00,TikTok,169.41736503250206,3.2975
2024-02-02 16:05:00,WeChat,19.111560722458734,3.3176
2024-02-02 16:10:00,TikTok,104.1917571218681,3.2676
2024-02-02 16:15:00,TikTok,300.0,3.2639
2024-02-02 16:20:00,TikTok,74.19950994308715,3.3116
2024-02-02 16:25:00,WeChat,17.438576170557603,3.3147
2024-02-02 16:30:00,Camera,78.91651571142634,3.2479
2024-02-02 16:35:00,TikTok,300.0,3.294
2024-02-02 16:40:00,TikTok,300.0,3.2967
2024-02-02 16:45:00,TikTok,300.0,3.2747
2024-02-02 16:50:00,TikTok,300.0,3.2504
2024-02-02 16:55:00,TikTok,300.0,3.2774
2024-02-02 17:00:00,TikTok,300.0,3.2848
2024-02-02 17:05:00,TikTok,300.0,3.2498
2024-02-02 17:10:00,TikTok,300.0,3.2961
2024-02-02 17:15:00,TikTok,300.0,3.2779
2024-02-02 17:20:00,TikTok,300.0,3.2641
2024-02-02 17:25:00,TikTok,300.0,3.3006
2024-02-02 17:30:00,TikTok,300.0,3.2736
2024-02-02 17:35:00,TikTok,300.0,3.2698
2024-02-02 17:40:00,TikTok,300.0,3.3091
2024-02-02 17:45:00,TikTok,300.0,3.2907
2024-02-02 17:50:00,TikTok,300.0,3.2885
2024-02-02 17:55:00,TikTok,300.0,
2024-02-02 18:00:00,TikTok,300.0,3.3159
2024-02-02 18:05:00,TikTok,13.326873782463736,3.2649
2024-02-02 18:10:00,WeChat,143.44439413849545,3.2838
2024-02-02 18:15:00,System_Idle,300.0,3.3221
2024-02-02 18:20:00,System_Idle,300.0,3.3191
2024-02-02 18:25:00,System_Idle,300.0,3.3315
2024-02-02 18:30:00,System_Idle,300.0,3.3147
2024-02-02 18:35:00,System_Idle,300.0,3.324
2024-02-02 18:40:00,System_Idle,300.0,3.3148
2024-02-02 18:45:00,System_Idle,300.0,3.3153
2024-02-02 18:50:00,System_Idle,300.0,3.3338
2024-02-02 18:55:00,System_Idle,300.0,3.3754
2024-02-02 19:00:00,System_Idle,300.0,3.3513
2024-02-02 19:05:00,System_Idle,300.0,3.378
2024-02-02 19:10:00,System_Idle,300.0,3.3345
2024-02-02 19:15:00,System_Idle,300.0,3.3799
2024-02-02 19:20:00,System_Idle,300.0,3.3513
2024-02-02 19:25:00,System_Idle,300.0,3.3471
2024-02-02 19:30:00,System_Idle,300.0,3.3761
2024-02-02 19:35:00,System_Idle,300.0,3.3481
2024-02-02 19:40:00,System_Idle,300.0,3.3569
2024-02-02 19:45:00,System_Idle,300.0,3.3555
2024-02-02 19:50:00,System_Idle,300.0,3.3465
2024-02-02 19:55:00,System_Idle,300.0,3.3427
2024-02-02 20:00:00,System_Idle,300.0,3.3439
2024-02-02 20:05:00,System_Idle,300.0,3.3674
2024-02-02 20:10:00,System_Idle,300.0,3.3546
2024-02-02 20:15:00,System_Idle,300.0,3.3063
2024-02-02 20:20:00,System_Idle,300.0,3.3393
2024-02-02 20:25:00,System_Idle,300.0,3.336
2024-02-02 20:30:00,System_Idle,300.0,3.3638
2024-02-02 20:35:00,System_Idle,300.0,3.3394
2024-02-02 20:40:00,System_Idle,300.0,3.3392
2024-02-02 20:45:00,System_Idle,300.0,3.345
2024-02-02 20:50:00,System_Idle,300.0,3.3239
2024-02-02 20:55:00,System_Idle,300.0,3.3171
2024-02-02 21:00:00,System_Idle,300.0,0.0
2024-02-02 21:05:00,System_Idle,300.0,3.3159
2024-02-02 21:10:00,System_Idle,300.0,3.3388
2024-02-02 21:15:00,System_Idle,300.0,3.3347
2024-02-02 21:20:00,System_Idle,300.0,3.3424
2024-02-02 21:25:00,System_Idle,300.0,3.3286
2024-02-02 21:30:00,System_Idle,300.0,3.3256
2024-02-02 21:35:00,System_Idle,300.0,3.3411
2024-02-02 21:40:00,System_Idle,300.0,3.3281
2024-02-02 21:45:00,System_Idle,300.0,3.3308
2024-02-02 21:50:00,System_Idle,300.0,3.3395
2024-02-02 21:55:00,System_Idle,300.0,3.3249
2024-02-02 22:00:00,System_Idle,300.0,3.3332
2024-02-02 22:05:00,System_Idle,300.0,3.3201
2024-02-02 22:10:00,System_Idle,300.0,3.3263
2024-02-02 22:15:00,System_Idle,300.0,3.3168
2024-02-02 22:20:00,System_Idle,300.0,3.323
2024-02-02 22:25:00,System_Idle,300.0,3.3064
2024-02-02 22:30:00,System_Idle,300.0,3.3176
2024-02-02 22:35:00,System_Idle,300.0,3.3132
2024-02-02 22:40:00,System_Idle,300.0,3.3585
2024-02-02 22:45:00,System_Idle,300.0,3.3589
2024-02-02 22:50:00,System_Idle,300.0,3.3531
2024-02-02 22:55:00,System_Idle,300.0,3.3507
2024-02-02 23:00:00,System_Idle,300.0,3.3636
2024-02-02 23:05:00,System_Idle,300.0,3.3538
2024-02-02 23:10:00,System_Idle,300.0,3.3583
2024-02-02 23:15:00,System_Idle,300.0,3.3412
2024-02-02 23:20:00,System_Idle,300.0,3.3618
2024-02-02 23:25:00,System_Idle,300.0,3.3516
2024-02-02 23:30:00,System_Idle,300.0,3.3334
2024-02-02 23:35:00,TikTok,259.1289496974377,3.2881
2024-02-02 23:40:00,System_Idle,300.0,3.3395
2024-02-02 23:45:00,System_Idle,300.0,3.3225
2024-02-02 23:50:00,System_Idle,300.0,3.3345
2024-02-02 23:55:00,System_Idle,300.0,3.3343
2024-02-03 00:00:00,System_Idle,300.0,3.3273
2024-02-03 00:05:00,System_Idle,300.0,3.3213
2024-02-03 00:10:00,System_Idle,300.0,3.3331
2024-02-03 00:15:00,System_Idle,300.0,3.3206
2024-02-03 00:20:00,System_Idle,300.0,3.32
2024-02-03 00:25:00,System_Idle,300.0,3.3233
2024-02-03 00:30:00,System_Idle,300.0,3.338
2024-02-03 00:35:00,System_Idle,300.0,3.3255
2024-02-03 00:40:00,System_Idle,300.0,3.3245
2024-02-03 00:45:00,System_Idle,300.0,3.3431
2024-02-03 00:50:00,System_Idle,300.0,3.3218
2024-02-03 00:55:00,System_Idle,300.0,3.3133
2024-02-03 01:00:00,System_Idle,300.0,3.349
2024-02-03 01:05:00,System_Idle,300.0,3.4222
2024-02-03 01:10:00,System_Idle,300.0,3.444
2024-02-03 01:15:00,System_Idle,300.0,3.4854
2024-02-03 01:20:00,System_Idle,300.0,3.5354
2024-02-03 01:25:00,System_Idle,300.0,3.5941
2024-02-03 01:30:00,System_Idle,300.0,3.5989
2024-02-03 01:35:00,System_Idle,300.0,3.6766
2024-02-03 01:40:00,System_Idle,300.0,3.7122
2024-02-03 01:45:00,System_Idle,300.0,3.7614
2024-02-03 01:50:00,System_Idle,300.0,3.7852
2024-02-03 01:55:00,System_Idle,300.0,3.8629
2024-02-03 02:00:00,System_Idle,300.0,3.8984
2024-02-03 02:05:00,System_Idle,300.0,3.9477
2024-02-03 02:10:00,System_Idle,300.0,3.9138
2024-02-03 02:15:00,System_Idle,300.0,3.9412
2024-02-03 02:20:00,System_Idle,300.0,3.9353
2024-02-03 02:25:00,System_Idle,300.0,3.931
2024-02-03 02:30:00,System_Idle,300.0,3.9169
2024-02-03 02:35:00,System_Idle,300.0,3.9179
2024-02-03 02:40:00,System_Idle,300.0,
2024-02-03 02:45:00,System_Idle,300.0,3.9524
2024-02-03 02:50:00,System_Idle,300.0,3.9341
2024-02-03 02:55:00,System_Idle,300.0,3.9381
2024-02-03 03:00:00,System_Idle,300.0,3.9148
2024-02-03 03:05:00,System_Idle,300.0,3.9362
2024-02-03 03:10:00,System_Idle,300.0,3.9291
2024-02-03 03:15:00,System_Idle,300.0,3.925
2024-02-03 03:20:00,System_Idle,300.0,3.9302
2024-02-03 03:25:00,System_Idle,300.0,3.9216
2024-02-03 03:30:00,System_Idle,300.0,3.9136
2024-02-03 03:35:00,System_Idle,300.0,3.9226
2024-02-03 03:40:00,System_Idle,300.0,3.9067
2024-02-03 03:45:00,System_Idle,300.0,
2024-02-03 03:50:00,System_Idle,300.0,3.9325
2024-02-03 03:55:00,System_Idle,300.0,3.9123
2024-02-03 04:00:00,System_Idle,300.0,3.923
2024-02-03 04:05:00,System_Idle,300.0,3.9153
2024-02-03 04:10:00,System_Idle,300.0,3.9201
2024-02-03 04:15:00,System_Idle,300.0,3.9261
2024-02-03 04:20:00,System_Idle,300.0,3.9001
2024-02-03 04:25:00,System_Idle,300.0,3.9081
2024-02-03 04:30:00,System_Idle,300.0,3.9065
2024-02-03 04:35:00,System_Idle,300.0,3.9072
2024-02-03 04:40:00,System_Idle,300.0,3.8939
2024-02-03 04:45:00,System_Idle,300.0,3.9144
2024-02-03 04:50:00,System_Idle,300.0,3.898
2024-02-03 04:55:00,System_Idle,300.0,
2024-02-03 05:00:00,System_Idle,300.0,3.8814
2024-02-03 05:05:00,System_Idle,300.0,3.8727
2024-02-03 05:10:00,System_Idle,300.0,3.916
2024-02-03 05:15:00,System_Idle,300.0,3.9174
2024-02-03 05:20:00,System_Idle,300.0,3.8992
2024-02-03 05:25:00,System_Idle,300.0,3.9093
2024-02-03 05:30:00,System_Idle,300.0,3.8994
2024-02-03 05:35:00,System_Idle,300.0,3.8955
2024-02-03 05:40:00,System_Idle,300.0,3.8927
2024-02-03 05:45:00,System_Idle,300.0,3.8943
2024-02-03 05:50:00,System_Idle,300.0,3.8745
2024-02-03 05:55:00,System_Idle,300.0,3.8805
2024-02-03 06:00:00,System_Idle,300.0,3.9056
2024-02-03 06:05:00,System_Idle,300.0,3.8817
2024-02-03 06:10:00,System_Idle,300.0,3.8898
2024-02-03 06:15:00,System_Idle,300.0,3.876
2024-02-03 06:20:00,System_Idle,300.0,3.889
2024-02-03 06:25:00,System_Idle,300.0,3.8744
2024-02-03 06:30:00,System_Idle,300.0,3.8521
2024-02-03 06:35:00,System_Idle,300.0,3.8915
2024-02-03 06:40:00,System_Idle,300.0,3.8818
2024-02-03 06:45:00,System_Idle,300.0,3.8926
2024-02-03 06:50:00,System_Idle,300.0,3.8727
2024-02-03 06:55:00,System_Idle,300.0,3.8665
2024-02-03 07:00:00,System_Idle,300.0,3.8796
2024-02-03 07:05:00,System_Idle,300.0,3.8905
2024-02-03 07:10:00,System_Idle,300.0,3.8756
2024-02-03 07:15:00,System_Idle,300.0,3.8907
2024-02-03 07:20:00,System_Idle,300.0,
2024-02-03 07:25:00,System_Idle,300.0,3.8975
2024-02-03 07:30:00,System_Idle,300.0,3.8586
2024-02-03 07:35:00,System_Idle,300.0,3.8747
2024-02-03 07:40:00,WeChat,40.141445488556045,3.8473
2024-02-03 07:45:00,Camera,112.54597515709531,3.8024
2024-02-03 07:50:00,System_Idle,300.0,3.8376
2024-02-03 07:55:00,System_Idle,300.0,3.8351
2024-02-03 08:00:00,System_Idle,300.0,3.8485
2024-02-03 08:05:00,System_Idle,300.0,3.8397
2024-02-03 08:10:00,System_Idle,300.0,3.8105
2024-02-03 08:15:00,System_Idle,300.0,3.8325
2024-02-03 08:20:00,System_Idle,300.0,3.8272
2024-02-03 08:25:00,System_Idle,300.0,3.8514
2024-02-03 08:30:00,System_Idle,300.0,3.8124
2024-02-03 08:35:00,System_Idle,300.0,3.8318
2024-02-03 08:40:00,System_Idle,300.0,3.8003
2024-02-03 08:45:00,System_Idle,300.0,3.8244
2024-02-03 08:50:00,System_Idle,300.0,3.8178
2024-02-03 08:55:00,System_Idle,300.0,3.8091
2024-02-03 09:00:00,System_Idle,300.0,3.8132
2024-02-03 09:05:00,System_Idle,300.0,3.8208
2024-02-03 09:10:00,System_Idle,300.0,3.8228
2024-02-03 09:15:00,System_Idle,300.0,3.828
2024-02-03 09:20:00,System_Idle,300.0,3.8305
2024-02-03 09:25:00,System_Idle,300.0,3.8352
2024-02-03 09:30:00,System_Idle,300.0,3.8023
2024-02-03 09:35:00,System_Idle,300.0,3.8143
2024-02-03 09:40:00,System_Idle,300.0,3.8345
2024-02-03 09:45:00,System_Idle,300.0,3.8313
2024-02-03 09:50:00,System_Idle,300.0,3.8063
2024-02-03 09:55:00,System_Idle,300.0,3.8109
2024-02-03 10:00:00,System_Idle,300.0,3.8144
2024-02-03 10:05:00,System_Idle,300.0,3.7861
2024-02-03 10:10:00,System_Idle,300.0,3.8124
2024-02-03 10:15:00,System_Idle,300.0,3.805
2024-02-03 10:20:00,System_Idle,300.0,3.8032
2024-02-03 10:25:00,System_Idle,300.0,3.7876
2024-02-03 10:30:00,System_Idle,300.0,3.8048
2024-02-03 10:35:00,System_Idle,300.0,3.7918
2024-02-03 10:40:00,System_Idle,300.0,3.8169
2024-02-03 10:45:00,System_Idle,300.0,
2024-02-03 10:50:00,System_Idle,300.0,3.8057
2024-02-03 10:55:00,System_Idle,300.0,3.7888
2024-02-03 11:00:00,System_Idle,300.0,3.8267
2024-02-03 11:05:00,System_Idle,300.0,3.7861
2024-02-03 11:10:00,System_Idle,300.0,3.782
2024-02-03 11:15:00,System_Idle,300.0,3.7961
2024-02-03 11:20:00,System_Idle,300.0,3.7974
2024-02-03 11:25:00,System_Idle,300.0,3.8057
2024-02-03 11:30:00,System_Idle,300.0,3.7996
2024-02-03 11:35:00,System_Idle,300.0,3.8082
2024-02-03 11:40:00,System_Idle,300.0,3.7932
2024-02-03 11:45:00,System_Idle,300.0,3.7945
2024-02-03 11:50:00,System_Idle,300.0,3.7803
2024-02-03 11:55:00,System_Idle,300.0,3.7894
2024-02-03 12:00:00,System_Idle,300.0,3.7953
2024-02-03 12:05:00,System_Idle,300.0,3.788
2024-02-03 12:10:00,System_Idle,300.0,3.7802
2024-02-03 12:15:00,Camera,84.2052567960785,3.7186
2024-02-03 12:20:00,System_Idle,300.0,3.7534
2024-02-03 12:25:00,System_Idle,300.0,3.7553
2024-02-03 12:30:00,System_Idle,300.0,3.7457
2024-02-03 12:35:00,System_Idle,300.0,3.7703
2024-02-03 12:40:00,System_Idle,300.0,3.756
2024-02-03 12:45:00,System_Idle,300.0,3.7742
2024-02-03 12:50:00,System_Idle,300.0,3.751
2024-02-03 12:55:00,System_Idle,300.0,3.7612
2024-02-03 13:00:00,TikTok,300.0,3.695
2024-02-03 13:05:00,TikTok,300.0,3.6926
2024-02-03 13:10:00,TikTok,300.0,3.6789
2024-02-03 13:15:00,TikTok,300.0,3.6522
2024-02-03 13:20:00,TikTok,300.0,3.6501
2024-02-03 13:25:00,TikTok,300.0,3.6305
2024-02-03 13:30:00,TikTok,300.0,3.6293
2024-02-03 13:35:00,TikTok,300.0,3.594
2024-02-03 13:40:00,TikTok,300.0,
2024-02-03 13:45:00,TikTok,300.0,3.5794
2024-02-03 13:50:00,TikTok,300.0,3.5591
2024-02-03 13:55:00,TikTok,300.0,3.5451
2024-02-03 14:00:00,TikTok,300.0,3.5277
2024-02-03 14:05:00,TikTok,300.0,3.5233
2024-02-03 14:10:00,TikTok,300.0,3.5062
2024-02-03 14:15:00,TikTok,300.0,3.4779
2024-02-03 14:20:00,TikTok,300.0,3.479
2024-02-03 14:25:00,TikTok,300.0,3.4551
2024-02-03 14:30:00,TikTok,300.0,3.4479
2024-02-03 14:35:00,TikTok,300.0,3.4167
2024-02-03 14:40:00,TikTok,300.0,3.418
2024-02-03 14:45:00,TikTok,300.0,3.4131
2024-02-03 14:50:00,TikTok,158.51770155458053,3.3939
2024-02-03 14:55:00,TikTok,300.0,3.3608
2024-02-03 15:00:00,TikTok,300.0,3.3714
2024-02-03 15:05:00,TikTok,240.0705987686871,3.3635
2024-02-03 15:10:00,TikTok,300.0,3.3264
2024-02-03 15:15:00,TikTok,300.0,3.3094
2024-02-03 15:20:00,TikTok,300.0,3.3095
2024-02-03 15:25:00,TikTok,264.1564512050054,3.283
2024-02-03 15:30:00,TikTok,300.0,3.2795
2024-02-03 15:35:00,TikTok,300.0,3.3064
2024-02-03 15:40:00,TikTok,300.0,3.3013
2024-02-03 15:45:00,TikTok,300.0,3.274
2024-02-03 15:50:00,TikTok,300.0,3.274
2024-02-03 15:55:00,TikTok,300.0,3.3036
2024-02-03 16:00:00,TikTok,300.0,3.2874
2024-02-03 16:05:00,TikTok,300.0,3.2677
2024-02-03 16:10:00,TikTok,300.0,3.3099
2024-02-03 16:15:00,TikTok,300.0,3.2828
2024-02-03 16:20:00,TikTok,300.0,3.2596
2024-02-03 16:25:00,TikTok,300.0,3.3047
2024-02-03 16:30:00,TikTok,300.0,3.2927
2024-02-03 16:35:00,TikTok,300.0,3.2645
2024-02-03 16:40:00,TikTok,300.0,3.3092
2024-02-03 16:45:00,TikTok,300.0,3.2872
2024-02-03 16:50:00,TikTok,300.0,3.2543
2024-02-03 16:55:00,TikTok,300.0,3.2934
2024-02-03 17:00:00,TikTok,300.0,3.2839
2024-02-03 17:05:00,TikTok,300.0,3.2728
2024-02-03 17:10:00,TikTok,140.6560853767187,3.2638
2024-02-03 17:15:00,HonorOfKings,300.0,3.2142
2024-02-03 17:20:00,HonorOfKings,300.0,3.2658
2024-02-03 17:25:00,HonorOfKings,300.0,3.2226
2024-02-03 17:30:00,HonorOfKings,65.55254163216352,3.2442
2024-02-03 17:35:00,System_Idle,300.0,3.3472
2024-02-03 17:40:00,WeChat,10.0,3.3009
2024-02-03 17:45:00,TikTok,300.0,
2024-02-03 17:50:00,TikTok,300.0,3.2974
2024-02-03 17:55:00,TikTok,66.34714738024093,3.2701
2024-02-03 18:00:00,HonorOfKings,300.0,3.2601
2024-02-03 18:05:00,HonorOfKings,300.0,3.2237
2024-02-03 18:10:00,HonorOfKings,300.0,3.2265
2024-02-03 18:15:00,HonorOfKings,300.0,3.2137
2024-02-03 18:20:00,HonorOfKings,300.0,3.226
2024-02-03 18:25:00,HonorOfKings,300.0,3.2553
2024-02-03 18:30:00,HonorOfKings,300.0,3.2107
2024-02-03 18:35:00,HonorOfKings,61.00547106358681,3.2276
2024-02-03 18:40:00,System_Idle,300.0,3.3325
2024-02-03 18:45:00,System_Idle,300.0,3.3255
2024-02-03 18:50:00,System_Idle,300.0,3.3346
2024-02-03 18:55:00,System_Idle,300.0,3.3361
2024-02-03 19:00:00,System_Idle,300.0,3.3437
2024-02-03 19:05:00,System_Idle,300.0,3.342
2024-02-03 19:10:00,System_Idle,300.0,3.3273
2024-02-03 19:15:00,System_Idle,300.0,3.3234
2024-02-03 19:20:00,System_Idle,300.0,3.3253
2024-02-03 19:25:00,System_Idle,300.0,3.3383
2024-02-03 19:30:00,System_Idle,300.0,3.3226
2024-02-03 19:35:00,System_Idle,300.0,3.3345
2024-02-03 19:40:00,System_Idle,300.0,3.3235
2024-02-03 19:45:00,System_Idle,300.0,3.3346
2024-02-03 19:50:00,System_Idle,300.0,3.3358
2024-02-03 19:55:00,System_Idle,300.0,3.3319
2024-02-03 20:00:00,System_Idle,300.0,3.3057
2024-02-03 20:05:00,System_Idle,300.0,3.3157
2024-02-03 20:10:00,System_Idle,300.0,3.3432
2024-02-03 20:15:00,Camera,98.38701121924774,3.258
2024-02-03 20:20:00,WeChat,36.49621229601254,3.3205
2024-02-03 20:25:00,Camera,264.3597527013143,3.2373
2024-02-03 20:30:00,TikTok,300.0,3.317
2024-02-03 20:35:00,TikTok,160.31448242763503,3.2808
2024-02-03 20:40:00,WeChat,58.80300557771125,3.3055
2024-02-03 20:45:00,System_Idle,300.0,3.3257
2024-02-03 20:50:00,System_Idle,300.0,3.3194
2024-02-03 20:55:00,System_Idle,300.0,3.3349
2024-02-03 21:00:00,System_Idle,300.0,3.3305
2024-02-03 21:05:00,System_Idle,300.0,3.3167
2024-02-03 21:10:00,System_Idle,300.0,3.3245
2024-02-03 21:15:00,System_Idle,300.0,3.3357
2024-02-03 21:20:00,System_Idle,300.0,3.3285
2024-02-03 21:25:00,System_Idle,300.0,3.336
2024-02-03 21:30:00,System_Idle,300.0,3.3085
2024-02-03 21:35:00,System_Idle,300.0,3.3193
2024-02-03 21:40:00,TikTok,97.26343173633312,3.3014
2024-02-03 21:45:00,WeChat,24.835703110107165,3.3134
2024-02-03 21:50:00,System_Idle,300.0,3.3233
2024-02-03 21:55:00,System_Idle,300.0,3.3493
2024-02-03 22:00:00,System_Idle,300.0,3.3382
2024-02-03 22:05:00,System_Idle,300.0,3.3363
2024-02-03 22:10:00,System_Idle,300.0,3.3307
2024-02-03 22:15:00,System_Idle,300.0,3.3473
2024-02-03 22:20:00,System_Idle,300.0,3.3415
2024-02-03 22:25:00,System_Idle,300.0,3.3495
2024-02-03 22:30:00,System_Idle,300.0,3.3368
2024-02-03 22:35:00,System_Idle,300.0,3.3348
2024-02-03 22:40:00,System_Idle,300.0,3.3156
2024-02-03 22:45:00,System_Idle,300.0,
2024-02-03 22:50:00,System_Idle,300.0,3.3245
2024-02-03 22:55:00,System_Idle,300.0,3.3485
2024-02-03 23:00:00,System_Idle,300.0,
2024-02-03 23:05:00,System_Idle,300.0,3.3206
2024-02-03 23:10:00,System_Idle,300.0,3.314
2024-02-03 23:15:00,System_Idle,300.0,3.3472
2024-02-03 23:20:00,System_Idle,300.0,3.3382
2024-02-03 23:25:00,System_Idle,300.0,3.3269
2024-02-03 23:30:00,System_Idle,300.0,3.3082
2024-02-03 23:35:00,System_Idle,300.0,3.3255
2024-02-03 23:40:00,System_Idle,300.0,3.3065
2024-02-03 23:45:00,System_Idle,300.0,3.3309
2024-02-03 23:50:00,System_Idle,300.0,3.3202
2024-02-03 23:55:00,System_Idle,300.0,3.3257
2024-02-04 00:00:00,System_Idle,300.0,3.3062
2024-02-04 00:05:00,System_Idle,300.0,3.3635
2024-02-04 00:10:00,System_Idle,300.0,3.3603
2024-02-04 00:15:00,System_Idle,300.0,3.3617
2024-02-04 00:20:00,System_Idle,300.0,3.3544
2024-02-04 00:25:00,System_Idle,300.0,3.3795
2024-02-04 00:30:00,System_Idle,300.0,3.3705
2024-02-04 00:35:00,System_Idle,300.0,3.3447
2024-02-04 00:40:00,System_Idle,300.0,3.3453
2024-02-04 00:45:00,System_Idle,300.0,3.3575
2024-02-04 00:50:00,System_Idle,300.0,3.3462
2024-02-04 00:55:00,System_Idle,300.0,3.3552
2024-02-04 01:00:00,System_Idle,300.0,3.3981
2024-02-04 01:05:00,System_Idle,300.0,3.4273
2024-02-04 01:10:00,System_Idle,300.0,3.4692
2024-02-04 01:15:00,System_Idle,300.0,3.5037
2024-02-04 01:20:00,System_Idle,300.0,3.5604
2024-02-04 01:25:00,System_Idle,300.0,
2024-02-04 01:30:00,System_Idle,300.0,3.6757
2024-02-04 01:35:00,System_Idle,300.0,3.6809
2024-02-04 01:40:00,System_Idle,300.0,3.7486
2024-02-04 01:45:00,System_Idle,300.0,3.773
2024-02-04 01:50:00,System_Idle,300.0,3.8365
2024-02-04 01:55:00,System_Idle,300.0,3.8619
2024-02-04 02:00:00,System_Idle,300.0,3.921
2024-02-04 02:05:00,System_Idle,300.0,
2024-02-04 02:10:00,System_Idle,300.0,3.9191
2024-02-04 02:15:00,System_Idle,300.0,3.9146
2024-02-04 02:20:00,System_Idle,300.0,3.9034
2024-02-04 02:25:00,System_Idle,300.0,3.9243
2024-02-04 02:30:00,System_Idle,300.0,3.9274
2024-02-04 02:35:00,System_Idle,300.0,3.9176
2024-02-04 02:40:00,System_Idle,300.0,3.9085
2024-02-04 02:45:00,System_Idle,300.0,3.9106
2024-02-04 02:50:00,System_Idle,300.0,3.9014
2024-02-04 02:55:00,System_Idle,300.0,3.9121
2024-02-04 03:00:00,System_Idle,300.0,3.9097
2024-02-04 03:05:00,System_Idle,300.0,3.9181
2024-02-04 03:10:00,System_Idle,300.0,3.9013
2024-02-04 03:15:00,System_Idle,300.0,3.9079
2024-02-04 03:20:00,System_Idle,300.0,3.8924
2024-02-04 03:25:00,System_Idle,300.0,3.9155
2024-02-04 03:30:00,System_Idle,300.0,3.9158
2024-02-04 03:35:00,System_Idle,300.0,3.9079
2024-02-04 03:40:00,System_Idle,300.0,3.9
2024-02-04 03:45:00,System_Idle,300.0,3.9055
2024-02-04 03:50:00,System_Idle,300.0,3.9413
2024-02-04 03:55:00,System_Idle,300.0,3.9461
2024-02-04 04:00:00,System_Idle,300.0,3.9526
2024-02-04 04:05:00,System_Idle,300.0,3.9542
2024-02-04 04:10:00,System_Idle,300.0,3.9285
2024-02-04 04:15:00,System_Idle,300.0,3.9276
2024-02-04 04:20:00,System_Idle,300.0,3.956
2024-02-04 04:25:00,System_Idle,300.0,3.9482
2024-02-04 04:30:00,System_Idle,300.0,3.9398
2024-02-04 04:35:00,System_Idle,300.0,3.9446
2024-02-04 04:40:00,System_Idle,300.0,3.9355
2024-02-04 04:45:00,System_Idle,300.0,3.9342
2024-02-04 04:50:00,System_Idle,300.0,3.9332
2024-02-04 04:55:00,System_Idle,300.0,3.9486
2024-02-04 05:00:00,System_Idle,300.0,3.9261
2024-02-04 05:05:00,System_Idle,300.0,3.9366
2024-02-04 05:10:00,System_Idle,300.0,3.9254
2024-02-04 05:15:00,System_Idle,300.0,3.9398
2024-02-04 05:20:00,System_Idle,300.0,3.941
2024-02-04 05:25:00,System_Idle,300.0,3.9382
2024-02-04 05:30:00,System_Idle,300.0,3.9339
2024-02-04 05:35:00,System_Idle,300.0,3.9218
2024-02-04 05:40:00,System_Idle,300.0,3.925
2024-02-04 05:45:00,System_Idle,300.0,3.9169
2024-02-04 05:50:00,System_Idle,300.0,3.9264
2024-02-04 05:55:00,System_Idle,300.0,3.9352
2024-02-04 06:00:00,System_Idle,300.0,3.9074
2024-02-04 06:05:00,System_Idle,300.0,3.908
2024-02-04 06:10:00,System_Idle,300.0,3.9307
2024-02-04 06:15:00,Camera,150.58431983483092,3.8333
2024-02-04 06:20:00,System_Idle,300.0,3.875
2024-02-04 06:25:00,System_Idle,300.0,3.9087
2024-02-04 06:30:00,System_Idle,300.0,3.9046
2024-02-04 06:35:00,System_Idle,300.0,3.9069
2024-02-04 06:40:00,System_Idle,300.0,3.889
2024-02-04 06:45:00,System_Idle,300.0,3.8976
2024-02-04 06:50:00,System_Idle,300.0,3.8992
2024-02-04 06:55:00,System_Idle,300.0,3.8834
2024-02-04 07:00:00,System_Idle,300.0,3.9
2024-02-04 07:05:00,System_Idle,300.0,3.8737
2024-02-04 07:10:00,System_Idle,300.0,3.8982
2024-02-04 07:15:00,System_Idle,300.0,3.8917
2024-02-04 07:20:00,System_Idle,300.0,3.8805
2024-02-04 07:25:00,System_Idle,300.0,3.8796
2024-02-04 07:30:00,System_Idle,300.0,3.8664
2024-02-04 07:35:00,System_Idle,300.0,3.8739
2024-02-04 07:40:00,System_Idle,300.0,3.8713
2024-02-04 07:45:00,System_Idle,300.0,3.8912
2024-02-04 07:50:00,System_Idle,300.0,3.8856
2024-02-04 07:55:00,System_Idle,300.0,3.8881
2024-02-04 08:00:00,System_Idle,300.0,3.8747
2024-02-04 08:05:00,System_Idle,300.0,3.8737
2024-02-04 08:10:00,System_Idle,300.0,3.8682
2024-02-04 08:15:00,System_Idle,300.0,3.8612
2024-02-04 08:20:00,System_Idle,300.0,3.8748
2024-02-04 08:25:00,System_Idle,300.0,3.8868
2024-02-04 08:30:00,System_Idle,300.0,3.855
2024-02-04 08:35:00,System_Idle,300.0,3.8575
2024-02-04 08:40:00,System_Idle,300.0,3.8409
2024-02-04 08:45:00,System_Idle,300.0,3.8558
2024-02-04 08:50:00,TikTok,300.0,3.8055
2024-02-04 08:55:00,TikTok,154.6962930110539,3.8194
2024-02-04 09:00:00,System_Idle,300.0,3.828
2024-02-04 09:05:00,System_Idle,300.0,3.8316
2024-02-04 09:10:00,System_Idle,300.0,3.8399
2024-02-04 09:15:00,System_Idle,300.0,3.8397
2024-02-04 09:20:00,System_Idle,300.0,3.8335
2024-02-04 09:25:00,System_Idle,300.0,3.8373
2024-02-04 09:30:00,System_Idle,300.0,3.8332
2024-02-04 09:35:00,System_Idle,300.0,3.8322
2024-02-04 09:40:00,System_Idle,300.0,3.8214
2024-02-04 09:45:00,System_Idle,300.0,3.8308
2024-02-04 09:50:00,System_Idle,300.0,3.8343
2024-02-04 09:55:00,System_Idle,300.0,3.8379
2024-02-04 10:00:00,System_Idle,300.0,3.8111
2024-02-04 10:05:00,System_Idle,300.0,
2024-02-04 10:10:00,System_Idle,300.0,3.8112
2024-02-04 10:15:00,System_Idle,300.0,3.8238
2024-02-04 10:20:00,System_Idle,300.0,3.8241
2024-02-04 10:25:00,System_Idle,300.0,3.8163
2024-02-04 10:30:00,System_Idle,300.0,3.8056
2024-02-04 10:35:00,System_Idle,300.0,3.8154
2024-02-04 10:40:00,System_Idle,300.0,3.8231
2024-02-04 10:45:00,System_Idle,300.0,3.8205
2024-02-04 10:50:00,System_Idle,300.0,3.8066
2024-02-04 10:55:00,System_Idle,300.0,3.8132
2024-02-04 11:00:00,HonorOfKings,300.0,3.7269
2024-02-04 11:05:00,HonorOfKings,300.0,3.674
2024-02-04 11:10:00,HonorOfKings,300.0,0.0
2024-02-04 11:15:00,HonorOfKings,300.0,3.636
2024-02-04 11:20:00,HonorOfKings,300.0,3.5934
2024-02-04 11:25:00,HonorOfKings,300.0,3.5798
2024-02-04 11:30:00,HonorOfKings,300.0,
2024-02-04 11:35:00,HonorOfKings,300.0,3.5173
2024-02-04 11:40:00,HonorOfKings,300.0,3.478
2024-02-04 11:45:00,HonorOfKings,300.0,3.4551
2024-02-04 11:50:00,HonorOfKings,300.0,3.4259
2024-02-04 11:55:00,HonorOfKings,300.0,3.4029
2024-02-04 12:00:00,HonorOfKings,300.0,3.3662
2024-02-04 12:05:00,HonorOfKings,300.0,3.3126
2024-02-04 12:10:00,HonorOfKings,300.0,3.3273
2024-02-04 12:15:00,HonorOfKings,300.0,3.2817
2024-02-04 12:20:00,HonorOfKings,300.0,3.2434
2024-02-04 12:25:00,HonorOfKings,300.0,3.1987
2024-02-04 12:30:00,HonorOfKings,300.0,3.2245
2024-02-04 12:35:00,HonorOfKings,300.0,3.2602
2024-02-04 12:40:00,HonorOfKings,300.0,3.2146
2024-02-04 12:45:00,HonorOfKings,300.0,3.25
2024-02-04 12:50:00,HonorOfKings,67.06438038141005,3.1941
2024-02-04 12:55:00,System_Idle,300.0,3.3197
2024-02-04 13:00:00,System_Idle,300.0,3.3646
2024-02-04 13:05:00,System_Idle,300.0,3.3641
2024-02-04 13:10:00,System_Idle,300.0,3.3711
2024-02-04 13:15:00,System_Idle,300.0,3.352
2024-02-04 13:20:00,HonorOfKings,300.0,3.2118
2024-02-04 13:25:00,HonorOfKings,300.0,3.2461
2024-02-04 13:30:00,HonorOfKings,300.0,3.1983
2024-02-04 13:35:00,HonorOfKings,300.0,3.2356
2024-02-04 13:40:00,HonorOfKings,300.0,3.2519
2024-02-04 13:45:00,HonorOfKings,300.0,3.2218
2024-02-04 13:50:00,HonorOfKings,300.0,3.2447
2024-02-04 13:55:00,HonorOfKings,300.0,3.225
2024-02-04 14:00:00,HonorOfKings,99.62191632267468,3.2048
2024-02-04 14:05:00,HonorOfKings,300.0,3.2583
2024-02-04 14:10:00,HonorOfKings,300.0,3.217
2024-02-04 14:15:00,HonorOfKings,300.0,3.2323
2024-02-04 14:20:00,HonorOfKings,300.0,3.2819
2024-02-04 14:25:00,HonorOfKings,300.0,3.2207
2024-02-04 14:30:00,HonorOfKings,300.0,3.2518
2024-02-04 14:35:00,HonorOfKings,300.0,3.2203
2024-02-04 14:40:00,HonorOfKings,135.24259065306342,3.2356
2024-02-04 14:45:00,WeChat,18.719847971267026,3.3252
2024-02-04 14:50:00,WeChat,49.896629966943436,3.3027
2024-02-04 14:55:00,HonorOfKings,300.0,3.2448
2024-02-04 15:00:00,HonorOfKings,300.0,3.2613
2024-02-04 15:05:00,HonorOfKings,300.0,3.2075
2024-02-04 15:10:00,HonorOfKings,300.0,3.2523
2024-02-04 15:15:00,HonorOfKings,300.0,3.2128
2024-02-04 15:20:00,HonorOfKings,300.0,3.2273
2024-02-04 15:25:00,HonorOfKings,300.0,3.2465
2024-02-04 15:30:00,HonorOfKings,300.0,3.2292
2024-02-04 15:35:00,HonorOfKings,300.0,3.2488
2024-02-04 15:40:00,HonorOfKings,300.0,3.204
2024-02-04 15:45:00,HonorOfKings,300.0,3.2332
2024-02-04 15:50:00,HonorOfKings,300.0,3.2628
2024-02-04 15:55:00,HonorOfKings,300.0,3.2104
2024-02-04 16:00:00,HonorOfKings,300.0,3.236
2024-02-04 16:05:00,HonorOfKings,300.0,3.2023
2024-02-04 16:10:00,HonorOfKings,300.0,3.2367
2024-02-04 16:15:00,HonorOfKings,300.0,3.2327
2024-02-04 16:20:00,HonorOfKings,167.6573940952103,3.1991
2024-02-04 16:25:00,WeChat,42.844640222705465,3.292
2024-02-04 16:30:00,HonorOfKings,300.0,3.2323
2024-02-04 16:35:00,HonorOfKings,300.0,3.2623
2024-02-04 16:40:00,HonorOfKings,300.0,3.2242
2024-02-04 16:45:00,HonorOfKings,26.8509139309474,3.2439
2024-02-04 16:50:00,WeChat,43.67420405510651,3.3061
2024-02-04 16:55:00,WeChat,65.68730851936681,3.3008
2024-02-04 17:00:00,TikTok,300.0,3.3164
2024-02-04 17:05:00,TikTok,176.94637639205774,3.2899
2024-02-04 17:10:00,TikTok,300.0,3.2777
2024-02-04 17:15:00,TikTok,300.0,3.2582
2024-02-04 17:20:00,TikTok,300.0,3.3088
2024-02-04 17:25:00,TikTok,300.0,3.2829
2024-02-04 17:30:00,TikTok,300.0,3.2617
2024-02-04 17:35:00,TikTok,300.0,3.2887
2024-02-04 17:40:00,TikTok,300.0,3.3003
2024-02-04 17:45:00,TikTok,31.00041706861839,3.2776
2024-02-04 17:50:00,TikTok,300.0,3.3036
2024-02-04 17:55:00,TikTok,300.0,3.302
2024-02-04 18:00:00,TikTok,182.3296650525449,3.2676
2024-02-04 18:05:00,System_Idle,300.0,3.3347
2024-02-04 18:10:00,System_Idle,300.0,3.3233
2024-02-04 18:15:00,System_Idle,300.0,3.3246
2024-02-04 18:20:00,System_Idle,300.0,3.3252
2024-02-04 18:25:00,System_Idle,300.0,3.3155
2024-02-04 18:30:00,System_Idle,300.0,3.3244
2024-02-04 18:35:00,System_Idle,300.0,3.3034
2024-02-04 18:40:00,System_Idle,300.0,3.3195
2024-02-04 18:45:00,System_Idle,300.0,3.3319
2024-02-04 18:50:00,System_Idle,300.0,3.3724
2024-02-04 18:55:00,System_Idle,300.0,3.3505
2024-02-04 19:00:00,System_Idle,300.0,3.3702
2024-02-04 19:05:00,System_Idle,300.0,3.3608
2024-02-04 19:10:00,System_Idle,300.0,3.3434
2024-02-04 19:15:00,System_Idle,300.0,3.3607
2024-02-04 19:20:00,System_Idle,300.0,3.358
2024-02-04 19:25:00,System_Idle,300.0,3.3659
2024-02-04 19:30:00,System_Idle,300.0,3.3407
2024-02-04 19:35:00,System_Idle,300.0,3.3656
2024-02-04 19:40:00,System_Idle,300.0,3.3593
2024-02-04 19:45:00,System_Idle,300.0,3.3525
2024-02-04 19:50:00,WeChat,32.566338989975456,3.3129
2024-02-04 19:55:00,System_Idle,300.0,3.346
2024-02-04 20:00:00,System_Idle,300.0,3.3426
2024-02-04 20:05:00,System_Idle,300.0,3.3108
2024-02-04 20:10:00,System_Idle,300.0,3.3253
2024-02-04 20:15:00,System_Idle,300.0,3.3236
2024-02-04 20:20:00,System_Idle,300.0,3.3401
2024-02-04 20:25:00,System_Idle,300.0,3.3461
2024-02-04 20:30:00,System_Idle,300.0,3.3268
2024-02-04 20:35:00,System_Idle,300.0,3.3441
2024-02-04 20:40:00,System_Idle,300.0,3.3278
2024-02-04 20:45:00,System_Idle,300.0,3.3176
2024-02-04 20:50:00,System_Idle,300.0,3.3228
2024-02-04 20:55:00,System_Idle,300.0,3.3348
2024-02-04 21:00:00,System_Idle,300.0,3.3207
2024-02-04 21:05:00,System_Idle,300.0,3.3421
2024-02-04 21:10:00,System_Idle,300.0,3.336
2024-02-04 21:15:00,System_Idle,300.0,3.3098
2024-02-04 21:20:00,System_Idle,300.0,3.3064
2024-02-04 21:25:00,System_Idle,300.0,3.2998
2024-02-04 21:30:00,System_Idle,300.0,3.3176
2024-02-04 21:35:00,System_Idle,300.0,3.3249
2024-02-04 21:40:00,System_Idle,300.0,3.3154
2024-02-04 21:45:00,WeChat,86.20117867431804,3.3396
2024-02-04 21:50:00,System_Idle,300.0,3.3631
2024-02-04 21:55:00,System_Idle,300.0,3.3729
2024-02-04 22:00:00,System_Idle,300.0,3.351
2024-02-04 22:05:00,System_Idle,300.0,3.3451
2024-02-04 22:10:00,System_Idle,300.0,3.3531
2024-02-04 22:15:00,System_Idle,300.0,3.3588
2024-02-04 22:20:00,System_Idle,300.0,3.3473
2024-02-04 22:25:00,System_Idle,300.0,3.3616
2024-02-04 22:30:00,System_Idle,300.0,3.365
2024-02-04 22:35:00,System_Idle,300.0,3.3598
2024-02-04 22:40:00,System_Idle,300.0,3.335
2024-02-04 22:45:00,System_Idle,300.0,3.3451
2024-02-04 22:50:00,System_Idle,300.0,3.3676
2024-02-04 22:55:00,System_Idle,300.0,3.3472
2024-02-04 23:00:00,System_Idle,300.0,3.3478
2024-02-04 23:05:00,System_Idle,300.0,3.3516
2024-02-04 23:10:00,System_Idle,300.0,3.355
2024-02-04 23:15:00,System_Idle,300.0,3.3364
2024-02-04 23:20:00,System_Idle,300.0,3.3448
2024-02-04 23:25:00,System_Idle,300.0,3.332
2024-02-04 23:30:00,System_Idle,300.0,3.3254
2024-02-04 23:35:00,System_Idle,300.0,3.3365
2024-02-04 23:40:00,System_Idle,300.0,3.3249
2024-02-04 23:45:00,System_Idle,300.0,3.3331
2024-02-04 23:50:00,System_Idle,300.0,3.3455
2024-02-04 23:55:00,System_Idle,300.0,3.3443
2024-02-05 00:00:00,System_Idle,300.0,3.3426
2024-02-05 00:05:00,System_Idle,300.0,3.3317
2024-02-05 00:10:00,System_Idle,300.0,3.3366
2024-02-05 00:15:00,System_Idle,300.0,3.3147
2024-02-05 00:20:00,System_Idle,300.0,3.3364
2024-02-05 00:25:00,System_Idle,300.0,3.3244
2024-02-05 00:30:00,System_Idle,300.0,3.3147
2024-02-05 00:35:00,System_Idle,300.0,3.3206
2024-02-05 00:40:00,System_Idle,300.0,3.3206
2024-02-05 00:45:00,System_Idle,300.0,3.3196
2024-02-05 00:50:00,System_Idle,300.0,3.3165
2024-02-05 00:55:00,System_Idle,300.0,3.3247
2024-02-05 01:00:00,System_Idle,300.0,3.3773
2024-02-05 01:05:00,System_Idle,300.0,3.4192
2024-02-05 01:10:00,System_Idle,300.0,3.4571
2024-02-05 01:15:00,System_Idle,300.0,3.4856
2024-02-05 01:20:00,System_Idle,300.0,3.5282
2024-02-05 01:25:00,System_Idle,300.0,3.5861
2024-02-05 01:30:00,System_Idle,300.0,3.6273
2024-02-05 01:35:00,System_Idle,300.0,3.6646
2024-02-05 01:40:00,System_Idle,300.0,3.7043
2024-02-05 01:45:00,System_Idle,300.0,3.7629
2024-02-05 01:50:00,System_Idle,300.0,3.7817
2024-02-05 01:55:00,System_Idle,300.0,3.8366
2024-02-05 02:00:00,System_Idle,300.0,3.8911
2024-02-05 02:05:00,System_Idle,300.0,3.9463
2024-02-05 02:10:00,System_Idle,300.0,3.9559
2024-02-05 02:15:00,System_Idle,300.0,3.9489
2024-02-05 02:20:00,System_Idle,300.0,3.9354
2024-02-05 02:25:00,System_Idle,300.0,3.9194
2024-02-05 02:30:00,System_Idle,300.0,3.9416
2024-02-05 02:35:00,System_Idle,300.0,3.9336
2024-02-05 02:40:00,System_Idle,300.0,3.9197
2024-02-05 02:45:00,System_Idle,300.0,3.915
2024-02-05 02:50:00,System_Idle,300.0,3.9162
2024-02-05 02:55:00,System_Idle,300.0,3.9238
2024-02-05 03:00:00,System_Idle,300.0,3.9314
2024-02-05 03:05:00,System_Idle,300.0,3.9137
2024-02-05 03:10:00,System_Idle,300.0,3.915
2024-02-05 03:15:00,System_Idle,300.0,3.9437
2024-02-05 03:20:00,System_Idle,300.0,3.9331
2024-02-05 03:25:00,System_Idle,300.0,3.9113
2024-02-05 03:30:00,System_Idle,300.0,3.9483
2024-02-05 03:35:00,System_Idle,300.0,3.9112
2024-02-05 03:40:00,WeChat,24.853741530192874,3.908
2024-02-05 03:45:00,System_Idle,300.0,3.9237
2024-02-05 03:50:00,System_Idle,300.0,3.9003
2024-02-05 03:55:00,System_Idle,300.0,3.9025
2024-02-05 04:00:00,System_Idle,300.0,3.9229
2024-02-05 04:05:00,System_Idle,300.0,3.9165
2024-02-05 04:10:00,System_Idle,300.0,3.9138
2024-02-05 04:15:00,System_Idle,300.0,3.9152
2024-02-05 04:20:00,System_Idle,300.0,3.9105
2024-02-05 04:25:00,System_Idle,300.0,3.9114
2024-02-05 04:30:00,System_Idle,300.0,3.9525
2024-02-05 04:35:00,System_Idle,300.0,3.9266
2024-02-05 04:40:00,System_Idle,300.0,3.9401
2024-02-05 04:45:00,System_Idle,300.0,3.9545
2024-02-05 04:50:00,System_Idle,300.0,3.9421
2024-02-05 04:55:00,System_Idle,300.0,3.9304
2024-02-05 05:00:00,System_Idle,300.0,3.9131
2024-02-05 05:05:00,System_Idle,300.0,3.9408
2024-02-05 05:10:00,System_Idle,300.0,3.9313
2024-02-05 05:15:00,System_Idle,300.0,3.9528
2024-02-05 05:20:00,System_Idle,300.0,3.9282
2024-02-05 05:25:00,System_Idle,300.0,3.9347
2024-02-05 05:30:00,System_Idle,300.0,3.9415
2024-02-05 05:35:00,System_Idle,300.0,3.9345
2024-02-05 05:40:00,System_Idle,300.0,3.9279
2024-02-05 05:45:00,System_Idle,300.0,3.9257
2024-02-05 05:50:00,System_Idle,300.0,3.9489
2024-02-05 05:55:00,System_Idle,300.0,3.9046
2024-02-05 06:00:00,System_Idle,300.0,3.9214
2024-02-05 06:05:00,System_Idle,300.0,3.9372
2024-02-05 06:10:00,System_Idle,300.0,3.9281
2024-02-05 06:15:00,System_Idle,300.0,3.9378
2024-02-05 06:20:00,System_Idle,300.0,3.9236
2024-02-05 06:25:00,System_Idle,300.0,3.9283
2024-02-05 06:30:00,System_Idle,300.0,3.9231
2024-02-05 06:35:00,TikTok,300.0,3.8706
2024-02-05 06:40:00,TikTok,300.0,3.8625
2024-02-05 06:45:00,TikTok,300.0,3.8378
2024-02-05 06:50:00,TikTok,16.854573611125602,3.8234
2024-02-05 06:55:00,TikTok,300.0,3.8106
2024-02-05 07:00:00,TikTok,93.18376405530051,3.7825
2024-02-05 07:05:00,System_Idle,300.0,3.839
2024-02-05 07:10:00,System_Idle,300.0,3.8342
2024-02-05 07:15:00,System_Idle,300.0,3.8216
2024-02-05 07:20:00,System_Idle,300.0,3.8211
2024-02-05 07:25:00,System_Idle,300.0,3.8356
2024-02-05 07:30:00,System_Idle,300.0,3.8416
2024-02-05 07:35:00,System_Idle,300.0,3.8372
2024-02-05 07:40:00,System_Idle,300.0,3.8151
2024-02-05 07:45:00,System_Idle,300.0,3.8002
2024-02-05 07:50:00,System_Idle,300.0,3.8383
2024-02-05 07:55:00,System_Idle,300.0,3.8029
2024-02-05 08:00:00,System_Idle,300.0,3.8255
2024-02-05 08:05:00,System_Idle,300.0,3.8361
2024-02-05 08:10:00,System_Idle,300.0,3.7994
2024-02-05 08:15:00,System_Idle,300.0,3.8264
2024-02-05 08:20:00,System_Idle,300.0,3.8273
2024-02-05 08:25:00,System_Idle,300.0,3.8111
2024-02-05 08:30:00,System_Idle,300.0,3.8073
2024-02-05 08:35:00,System_Idle,300.0,3.7984
2024-02-05 08:40:00,System_Idle,300.0,3.8026
2024-02-05 08:45:00,System_Idle,300.0,3.8
2024-02-05 08:50:00,System_Idle,300.0,3.813
2024-02-05 08:55:00,System_Idle,300.0,
2024-02-05 09:00:00,System_Idle,300.0,3.8116
2024-02-05 09:05:00,System_Idle,300.0,3.8074
2024-02-05 09:10:00,System_Idle,300.0,3.8037
2024-02-05 09:15:00,System_Idle,300.0,3.799
2024-02-05 09:20:00,System_Idle,300.0,3.8067
2024-02-05 09:25:00,System_Idle,300.0,3.8135
2024-02-05 09:30:00,System_Idle,300.0,3.809
2024-02-05 09:35:00,System_Idle,300.0,3.8118
2024-02-05 09:40:00,System_Idle,300.0,3.778
2024-02-05 09:45:00,System_Idle,300.0,3.7883
2024-02-05 09:50:00,System_Idle,300.0,3.8041
2024-02-05 09:55:00,System_Idle,300.0,3.8007
2024-02-05 10:00:00,System_Idle,300.0,3.7995
2024-02-05 10:05:00,System_Idle,300.0,3.7934
2024-02-05 10:10:00,System_Idle,300.0,3.7884
2024-02-05 10:15:00,System_Idle,300.0,3.7867
2024-02-05 10:20:00,System_Idle,300.0,3.7801
2024-02-05 10:25:00,System_Idle,300.0,3.8015
2024-02-05 10:30:00,System_Idle,300.0,3.7876
2024-02-05 10:35:00,System_Idle,300.0,3.8015
2024-02-05 10:40:00,System_Idle,300.0,3.7937
2024-02-05 10:45:00,System_Idle,300.0,3.798
2024-02-05 10:50:00,System_Idle,300.0,3.7885
2024-02-05 10:55:00,System_Idle,300.0,3.7755
2024-02-05 11:00:00,System_Idle,300.0,3.7794
2024-02-05 11:05:00,System_Idle,300.0,3.7865
2024-02-05 11:10:00,System_Idle,300.0,3.7765
2024-02-05 11:15:00,System_Idle,300.0,3.7709
2024-02-05 11:20:00,System_Idle,300.0,0.0
2024-02-05 11:25:00,System_Idle,300.0,3.7868
2024-02-05 11:30:00,System_Idle,300.0,3.7731
2024-02-05 11:35:00,System_Idle,300.0,3.7793
2024-02-05 11:40:00,System_Idle,300.0,3.7728
2024-02-05 11:45:00,System_Idle,300.0,3.7702
2024-02-05 11:50:00,System_Idle,300.0,3.7508
2024-02-05 11:55:00,WeChat,116.16822867565456,3.767
2024-02-05 12:00:00,WeChat,79.89528088269843,3.7403
2024-02-05 12:05:00,TikTok,300.0,3.7199
2024-02-05 12:10:00,TikTok,300.0,3.7039
2024-02-05 12:15:00,TikTok,300.0,3.6877
2024-02-05 12:20:00,TikTok,300.0,3.6685
2024-02-05 12:25:00,TikTok,300.0,3.6638
2024-02-05 12:30:00,TikTok,300.0,3.6341
2024-02-05 12:35:00,TikTok,300.0,3.6287
2024-02-05 12:40:00,TikTok,300.0,3.6142
2024-02-05 12:45:00,TikTok,300.0,3.5825
2024-02-05 12:50:00,TikTok,300.0,3.6008
2024-02-05 12:55:00,TikTok,300.0,3.5707
2024-02-05 13:00:00,TikTok,300.0,3.5443
2024-02-05 13:05:00,TikTok,124.6292750472685,3.5508
2024-02-05 13:10:00,System_Idle,300.0,3.5776
2024-02-05 13:15:00,System_Idle,300.0,3.5647
2024-02-05 13:20:00,System_Idle,300.0,3.5652
2024-02-05 13:25:00,System_Idle,300.0,3.5812
2024-02-05 13:30:00,System_Idle,300.0,3.5566
2024-02-05 13:35:00,System_Idle,300.0,3.5693
2024-02-05 13:40:00,System_Idle,300.0,3.5538
2024-02-05 13:45:00,System_Idle,300.0,3.5452
2024-02-05 13:50:00,System_Idle,300.0,3.569
2024-02-05 13:55:00,System_Idle,300.0,3.5469
2024-02-05 14:00:00,System_Idle,300.0,3.5688
2024-02-05 14:05:00,System_Idle,300.0,3.5486
2024-02-05 14:10:00,System_Idle,300.0,3.565
2024-02-05 14:15:00,System_Idle,300.0,3.5674
2024-02-05 14:20:00,System_Idle,300.0,3.5559
2024-02-05 14:25:00,System_Idle,300.0,3.5452
2024-02-05 14:30:00,System_Idle,300.0,3.5404
2024-02-05 14:35:00,System_Idle,300.0,3.5552
2024-02-05 14:40:00,System_Idle,300.0,3.5586
2024-02-05 14:45:00,System_Idle,300.0,3.5445
2024-02-05 14:50:00,System_Idle,300.0,3.5405
2024-02-05 14:55:00,System_Idle,300.0,3.5557
2024-02-05 15:00:00,System_Idle,300.0,3.5568
2024-02-05 15:05:00,System_Idle,300.0,3.5528
2024-02-05 15:10:00,System_Idle,300.0,3.5433
2024-02-05 15:15:00,System_Idle,300.0,3.546
2024-02-05 15:20:00,System_Idle,300.0,3.5474
2024-02-05 15:25:00,System_Idle,300.0,3.553
2024-02-05 15:30:00,System_Idle,300.0,3.5365
2024-02-05 15:35:00,System_Idle,300.0,3.5679
2024-02-05 15:40:00,System_Idle,300.0,3.5333
2024-02-05 15:45:00,System_Idle,300.0,3.5225
2024-02-05 15:50:00,System_Idle,300.0,3.5423
2024-02-05 15:55:00,System_Idle,300.0,3.544
2024-02-05 16:00:00,System_Idle,300.0,3.5268
2024-02-05 16:05:00,System_Idle,300.0,3.5606
2024-02-05 16:10:00,System_Idle,300.0,3.5422
2024-02-05 16:15:00,System_Idle,300.0,3.5389
2024-02-05 16:20:00,System_Idle,300.0,3.5099
2024-02-05 16:25:00,System_Idle,300.0,3.5358
2024-02-05 16:30:00,System_Idle,300.0,3.5536
2024-02-05 16:35:00,System_Idle,300.0,3.5272
2024-02-05 16:40:00,System_Idle,300.0,3.5226
2024-02-05 16:45:00,System_Idle,300.0,3.5311
2024-02-05 16:50:00,System_Idle,300.0,3.532
2024-02-05 16:55:00,System_Idle,300.0,3.5223
2024-02-05 17:00:00,System_Idle,300.0,3.5378
2024-02-05 17:05:00,System_Idle,300.0,3.5267
2024-02-05 17:10:00,System_Idle,300.0,3.5292
2024-02-05 17:15:00,System_Idle,300.0,3.527
2024-02-05 17:20:00,System_Idle,300.0,3.5241
2024-02-05 17:25:00,System_Idle,300.0,3.537
2024-02-05 17:30:00,System_Idle,300.0,3.5297
2024-02-05 17:35:00,System_Idle,300.0,3.501
2024-02-05 17:40:00,System_Idle,300.0,3.5198
2024-02-05 17:45:00,System_Idle,300.0,3.5125
2024-02-05 17:50:00,System_Idle,300.0,3.5123
2024-02-05 17:55:00,System_Idle,300.0,3.5126
2024-02-05 18:00:00,System_Idle,300.0,3.5182
2024-02-05 18:05:00,System_Idle,300.0,3.5095
2024-02-05 18:10:00,System_Idle,300.0,3.5183
2024-02-05 18:15:00,System_Idle,300.0,3.5142
2024-02-05 18:20:00,System_Idle,300.0,3.5149
2024-02-05 18:25:00,System_Idle,300.0,3.5105
2024-02-05 18:30:00,System_Idle,300.0,3.5227
2024-02-05 18:35:00,System_Idle,300.0,3.5163
2024-02-05 18:40:00,System_Idle,300.0,3.5067
2024-02-05 18:45:00,System_Idle,300.0,3.5017
2024-02-05 18:50:00,System_Idle,300.0,3.5178
2024-02-05 18:55:00,System_Idle,300.0,3.5136
2024-02-05 19:00:00,System_Idle,300.0,3.5308
2024-02-05 19:05:00,System_Idle,300.0,3.5125
2024-02-05 19:10:00,System_Idle,300.0,0.0
2024-02-05 19:15:00,System_Idle,300.0,3.5002
2024-02-05 19:20:00,System_Idle,300.0,
2024-02-05 19:25:00,System_Idle,300.0,3.4927
2024-02-05 19:30:00,System_Idle,300.0,3.4982
2024-02-05 19:35:00,System_Idle,300.0,3.4921
2024-02-05 19:40:00,System_Idle,300.0,3.5006
2024-02-05 19:45:00,System_Idle,300.0,3.498
2024-02-05 19:50:00,System_Idle,300.0,3.4989
2024-02-05 19:55:00,System_Idle,300.0,3.4944
2024-02-05 20:00:00,System_Idle,300.0,3.4977
2024-02-05 20:05:00,System_Idle,300.0,3.4757
2024-02-05 20:10:00,System_Idle,300.0,3.502
2024-02-05 20:15:00,System_Idle,300.0,3.4979
2024-02-05 20:20:00,System_Idle,300.0,3.483
2024-02-05 20:25:00,System_Idle,300.0,3.4819
2024-02-05 20:30:00,System_Idle,300.0,3.5014
2024-02-05 20:35:00,System_Idle,300.0,3.4914
2024-02-05 20:40:00,System_Idle,300.0,3.4809
2024-02-05 20:45:00,System_Idle,300.0,3.4741
2024-02-05 20:50:00,System_Idle,300.0,3.4666
2024-02-05 20:55:00,System_Idle,300.0,3.4849
2024-02-05 21:00:00,System_Idle,300.0,3.4776
2024-02-05 21:05:00,System_Idle,300.0,3.4926
2024-02-05 21:10:00,System_Idle,300.0,3.4791
2024-02-05 21:15:00,System_Idle,300.0,3.4658
2024-02-05 21:20:00,System_Idle,300.0,3.4797
2024-02-05 21:25:00,System_Idle,300.0,3.4715
2024-02-05 21:30:00,System_Idle,300.0,3.469
2024-02-05 21:35:00,System_Idle,300.0,3.4685
2024-02-05 21:40:00,System_Idle,300.0,3.4864
2024-02-05 21:45:00,System_Idle,300.0,3.4572
2024-02-05 21:50:00,System_Idle,300.0,3.4721
2024-02-05 21:55:00,System_Idle,300.0,3.4611
2024-02-05 22:00:00,System_Idle,300.0,3.4669
2024-02-05 22:05:00,Camera,107.57901415047397,3.3711
2024-02-05 22:10:00,HonorOfKings,300.0,3.3183
2024-02-05 22:15:00,HonorOfKings,300.0,3.3209
2024-02-05 22:20:00,HonorOfKings,300.0,3.2663
2024-02-05 22:25:00,HonorOfKings,300.0,3.2482
2024-02-05 22:30:00,HonorOfKings,300.0,3.2067
2024-02-05 22:35:00,HonorOfKings,300.0,3.2393
2024-02-05 22:40:00,HonorOfKings,300.0,3.2525
2024-02-05 22:45:00,HonorOfKings,300.0,3.2169
2024-02-05 22:50:00,HonorOfKings,259.2203385098828,3.2307
2024-02-05 22:55:00,System_Idle,300.0,3.3382
2024-02-05 23:00:00,System_Idle,300.0,3.3295
2024-02-05 23:05:00,System_Idle,300.0,3.3379
2024-02-05 23:10:00,System_Idle,300.0,3.3405
2024-02-05 23:15:00,System_Idle,300.0,3.3326
2024-02-05 23:20:00,System_Idle,300.0,3.3379
2024-02-05 23:25:00,System_Idle,300.0,3.316
2024-02-05 23:30:00,System_Idle,300.0,3.3523
2024-02-05 23:35:00,System_Idle,300.0,3.3253
2024-02-05 23:40:00,System_Idle,300.0,3.3457
2024-02-05 23:45:00,System_Idle,300.0,3.3361
2024-02-05 23:50:00,System_Idle,300.0,3.3281
2024-02-05 23:55:00,System_Idle,300.0,3.3369
2024-02-06 00:00:00,System_Idle,300.0,3.3309
2024-02-06 00:05:00,System_Idle,300.0,3.3218
2024-02-06 00:10:00,System_Idle,300.0,3.3282
2024-02-06 00:15:00,System_Idle,300.0,
2024-02-06 00:20:00,System_Idle,300.0,3.3211
2024-02-06 00:25:00,System_Idle,300.0,3.3212
2024-02-06 00:30:00,System_Idle,300.0,3.3253
2024-02-06 00:35:00,System_Idle,300.0,3.3333
2024-02-06 00:40:00,System_Idle,300.0,3.2941
2024-02-06 00:45:00,System_Idle,300.0,3.3116
2024-02-06 00:50:00,System_Idle,300.0,3.3259
2024-02-06 00:55:00,System_Idle,300.0,3.3187
2024-02-06 01:00:00,System_Idle,300.0,3.3669
2024-02-06 01:05:00,System_Idle,300.0,3.4036
2024-02-06 01:10:00,System_Idle,300.0,3.4442
2024-02-06 01:15:00,System_Idle,300.0,3.4832
2024-02-06 01:20:00,System_Idle,300.0,3.5353
2024-02-06 01:25:00,System_Idle,300.0,3.5644
2024-02-06 01:30:00,System_Idle,300.0,3.6201
2024-02-06 01:35:00,System_Idle,300.0,3.6447
2024-02-06 01:40:00,System_Idle,300.0,3.701
2024-02-06 01:45:00,System_Idle,300.0,3.7491
2024-02-06 01:50:00,System_Idle,300.0,3.8007
2024-02-06 01:55:00,System_Idle,300.0,3.8342
2024-02-06 02:00:00,System_Idle,300.0,3.9008
2024-02-06 02:05:00,System_Idle,300.0,3.933
2024-02-06 02:10:00,System_Idle,300.0,3.9537
2024-02-06 02:15:00,System_Idle,300.0,3.9186
2024-02-06 02:20:00,System_Idle,300.0,3.9311
2024-02-06 02:25:00,System_Idle,300.0,3.9274
2024-02-06 02:30:00,System_Idle,300.0,3.9272
2024-02-06 02:35:00,System_Idle,300.0,3.9233
2024-02-06 02:40:00,System_Idle,300.0,3.9364
2024-02-06 02:45:00,System_Idle,300.0,3.9234
2024-02-06 02:50:00,System_Idle,300.0,
2024-02-06 02:55:00,System_Idle,300.0,3.9158
2024-02-06 03:00:00,System_Idle,300.0,3.8983
2024-02-06 03:05:00,System_Idle,300.0,3.941
2024-02-06 03:10:00,System_Idle,300.0,3.9197
2024-02-06 03:15:00,System_Idle,300.0,3.9123
2024-02-06 03:20:00,System_Idle,300.0,3.9306
2024-02-06 03:25:00,System_Idle,300.0,3.9284
2024-02-06 03:30:00,System_Idle,300.0,3.9123
2024-02-06 03:35:00,System_Idle,300.0,3.9282
2024-02-06 03:40:00,System_Idle,300.0,3.9269
2024-02-06 03:45:00,System_Idle,300.0,3.9138
2024-02-06 03:50:00,System_Idle,300.0,3.9073
2024-02-06 03:55:00,System_Idle,300.0,3.9159
2024-02-06 04:00:00,System_Idle,300.0,3.9199
2024-02-06 04:05:00,System_Idle,300.0,3.9094
2024-02-06 04:10:00,System_Idle,300.0,3.9047
2024-02-06 04:15:00,System_Idle,300.0,
2024-02-06 04:20:00,System_Idle,300.0,3.9164
2024-02-06 04:25:00,System_Idle,300.0,3.9072
2024-02-06 04:30:00,System_Idle,300.0,3.9015
2024-02-06 04:35:00,System_Idle,300.0,3.9054
2024-02-06 04:40:00,System_Idle,300.0,3.918
2024-02-06 04:45:00,System_Idle,300.0,3.8992
2024-02-06 04:50:00,System_Idle,300.0,3.9444
2024-02-06 04:55:00,System_Idle,300.0,3.9581
2024-02-06 05:00:00,System_Idle,300.0,3.9563
2024-02-06 05:05:00,System_Idle,300.0,3.9491
2024-02-06 05:10:00,System_Idle,300.0,3.9499
2024-02-06 05:15:00,System_Idle,300.0,3.9481
2024-02-06 05:20:00,System_Idle,300.0,3.9647
2024-02-06 05:25:00,System_Idle,300.0,3.9427
2024-02-06 05:30:00,System_Idle,300.0,3.9537
2024-02-06 05:35:00,System_Idle,300.0,3.9417
2024-02-06 05:40:00,System_Idle,300.0,3.9331
2024-02-06 05:45:00,System_Idle,300.0,3.9325
2024-02-06 05:50:00,System_Idle,300.0,3.928
2024-02-06 05:55:00,System_Idle,300.0,3.9296
2024-02-06 06:00:00,System_Idle,300.0,3.9483
2024-02-06 06:05:00,System_Idle,300.0,3.9297
2024-02-06 06:10:00,System_Idle,300.0,3.9213
2024-02-06 06:15:00,System_Idle,300.0,3.9285
2024-02-06 06:20:00,WeChat,38.97635367088288,3.9117
2024-02-06 06:25:00,System_Idle,300.0,3.9205
2024-02-06 06:30:00,System_Idle,300.0,3.948
2024-02-06 06:35:00,System_Idle,300.0,3.9074
2024-02-06 06:40:00,System_Idle,300.0,3.9335
2024-02-06 06:45:00,System_Idle,300.0,3.9369
2024-02-06 06:50:00,System_Idle,300.0,3.9327
2024-02-06 06:55:00,System_Idle,300.0,3.9214
2024-02-06 07:00:00,System_Idle,300.0,3.9105
2024-02-06 07:05:00,System_Idle,300.0,3.9223
2024-02-06 07:10:00,System_Idle,300.0,3.9281
2024-02-06 07:15:00,System_Idle,300.0,3.9051
2024-02-06 07:20:00,System_Idle,300.0,3.9228
2024-02-06 07:25:00,System_Idle,300.0,3.8931
2024-02-06 07:30:00,System_Idle,300.0,3.9126
2024-02-06 07:35:00,System_Idle,300.0,3.9209
2024-02-06 07:40:00,System_Idle,300.0,3.9113
2024-02-06 07:45:00,System_Idle,300.0,3.9084
2024-02-06 07:50:00,System_Idle,300.0,3.8972
2024-02-06 07:55:00,System_Idle,300.0,3.9038
2024-02-06 08:00:00,System_Idle,300.0,3.9068
2024-02-06 08:05:00,System_Idle,300.0,3.9031
2024-02-06 08:10:00,System_Idle,300.0,3.8838
2024-02-06 08:15:00,System_Idle,300.0,3.8939
2024-02-06 08:20:00,System_Idle,300.0,3.891
2024-02-06 08:25:00,System_Idle,300.0,3.8943
2024-02-06 08:30:00,System_Idle,300.0,3.9073
2024-02-06 08:35:00,System_Idle,300.0,3.906
2024-02-06 08:40:00,System_Idle,300.0,3.8679
2024-02-06 08:45:00,System_Idle,300.0,3.8702
2024-02-06 08:50:00,System_Idle,300.0,3.8929
2024-02-06 08:55:00,System_Idle,300.0,3.9028
2024-02-06 09:00:00,System_Idle,300.0,3.9039
2024-02-06 09:05:00,System_Idle,300.0,3.8911
2024-02-06 09:10:00,System_Idle,300.0,3.8763
2024-02-06 09:15:00,System_Idle,300.0,3.8761
2024-02-06 09:20:00,System_Idle,300.0,3.8852
2024-02-06 09:25:00,System_Idle,300.0,3.8879
2024-02-06 09:30:00,WeChat,208.1217350120992,3.8465
2024-02-06 09:35:00,System_Idle,300.0,3.8687
2024-02-06 09:40:00,System_Idle,300.0,3.8682
2024-02-06 09:45:00,System_Idle,300.0,3.8865
2024-02-06 09:50:00,System_Idle,300.0,3.8668
2024-02-06 09:55:00,System_Idle,300.0,3.8608
2024-02-06 10:00:00,System_Idle,300.0,3.8572
2024-02-06 10:05:00,System_Idle,300.0,3.8498
2024-02-06 10:10:00,System_Idle,300.0,3.8674
2024-02-06 10:15:00,System_Idle,300.0,3.8685
2024-02-06 10:20:00,System_Idle,300.0,3.8699
2024-02-06 10:25:00,System_Idle,300.0,3.8669
2024-02-06 10:30:00,System_Idle,300.0,3.8551
2024-02-06 10:35:00,System_Idle,300.0,3.8489
2024-02-06 10:40:00,System_Idle,300.0,3.8756
2024-02-06 10:45:00,System_Idle,300.0,3.8418
2024-02-06 10:50:00,System_Idle,300.0,3.8578
2024-02-06 10:55:00,System_Idle,300.0,3.8674
2024-02-06 11:00:00,System_Idle,300.0,3.8687
2024-02-06 11:05:00,System_Idle,300.0,3.8405
2024-02-06 11:10:00,System_Idle,300.0,3.8564
2024-02-06 11:15:00,System_Idle,300.0,3.8598
2024-02-06 11:20:00,System_Idle,300.0,3.8625
2024-02-06 11:25:00,System_Idle,300.0,3.8408
2024-02-06 11:30:00,Camera,83.17592559459794,3.7637
2024-02-06 11:35:00,TikTok,300.0,3.7905
2024-02-06 11:40:00,TikTok,300.0,3.7545
2024-02-06 11:45:00,TikTok,300.0,3.7664
2024-02-06 11:50:00,TikTok,243.26855226836074,3.725
2024-02-06 11:55:00,WeChat,43.15702369324867,3.7571
2024-02-06 12:00:00,System_Idle,300.0,3.7748
2024-02-06 12:05:00,System_Idle,300.0,3.7507
2024-02-06 12:10:00,System_Idle,300.0,3.769
2024-02-06 12:15:00,System_Idle,300.0,3.7635
2024-02-06 12:20:00,System_Idle,300.0,3.7655
2024-02-06 12:25:00,System_Idle,300.0,3.7558
2024-02-06 12:30:00,System_Idle,300.0,3.7565
2024-02-06 12:35:00,System_Idle,300.0,3.7599
2024-02-06 12:40:00,System_Idle,300.0,3.7677
2024-02-06 12:45:00,System_Idle,300.0,3.7509
2024-02-06 12:50:00,System_Idle,300.0,3.7511
2024-02-06 12:55:00,System_Idle,300.0,3.7521
2024-02-06 13:00:00,System_Idle,300.0,3.7311
2024-02-06 13:05:00,System_Idle,300.0,3.7511
2024-02-06 13:10:00,WeChat,34.65407045913502,3.7401
2024-02-06 13:15:00,WeChat,121.42905802681331,3.7282
2024-02-06 13:20:00,WeChat,176.53320642293622,3.7079
2024-02-06 13:25:00,HonorOfKings,300.0,3.6241
2024-02-06 13:30:00,HonorOfKings,300.0,3.5966
2024-02-06 13:35:00,HonorOfKings,300.0,3.5632
2024-02-06 13:40:00,HonorOfKings,300.0,3.5392
2024-02-06 13:45:00,HonorOfKings,300.0,3.5164
2024-02-06 13:50:00,HonorOfKings,300.0,3.4833
2024-02-06 13:55:00,HonorOfKings,300.0,3.4594
2024-02-06 14:00:00,HonorOfKings,300.0,3.4356
2024-02-06 14:05:00,HonorOfKings,300.0,3.3861
2024-02-06 14:10:00,HonorOfKings,133.36900720097765,3.3703
2024-02-06 14:15:00,HonorOfKings,300.0,3.3318
2024-02-06 14:20:00,HonorOfKings,300.0,3.3105
2024-02-06 14:25:00,HonorOfKings,300.0,3.2768
2024-02-06 14:30:00,HonorOfKings,300.0,3.2564
2024-02-06 14:35:00,HonorOfKings,300.0,3.2039
2024-02-06 14:40:00,HonorOfKings,300.0,3.2417
2024-02-06 14:45:00,HonorOfKings,20.04695392595454,3.2461
2024-02-06 14:50:00,HonorOfKings,300.0,3.2027
2024-02-06 14:55:00,HonorOfKings,300.0,3.2578
2024-02-06 15:00:00,HonorOfKings,300.0,3.1942
2024-02-06 15:05:00,HonorOfKings,194.73567796226098,3.2286
2024-02-06 15:10:00,WeChat,300.0,3.3159
2024-02-06 15:15:00,WeChat,56.69770767085038,3.2768
2024-02-06 15:20:00,WeChat,53.27439790607871,3.3318
2024-02-06 15:25:00,TikTok,300.0,3.3006
2024-02-06 15:30:00,TikTok,300.0,3.2821
2024-02-06 15:35:00,TikTok,300.0,3.2612
2024-02-06 15:40:00,TikTok,61.221746622724595,3.2925
2024-02-06 15:45:00,WeChat,111.45834984911328,3.3164
2024-02-06 15:50:00,HonorOfKings,300.0,3.2491
2024-02-06 15:55:00,HonorOfKings,300.0,3.2252
2024-02-06 16:00:00,HonorOfKings,300.0,3.2445
2024-02-06 16:05:00,HonorOfKings,300.0,3.1965
2024-02-06 16:10:00,HonorOfKings,300.0,3.2232
2024-02-06 16:15:00,HonorOfKings,125.11315037576401,3.2383
2024-02-06 16:20:00,WeChat,19.27319036653929,3.317
2024-02-06 16:25:00,TikTok,300.0,3.2813
2024-02-06 16:30:00,TikTok,300.0,3.2491
2024-02-06 16:35:00,TikTok,300.0,3.2958
2024-02-06 16:40:00,TikTok,38.906965786615274,3.2891
2024-02-06 16:45:00,TikTok,300.0,3.2594
2024-02-06 16:50:00,TikTok,300.0,3.2926
2024-02-06 16:55:00,TikTok,3.1005794784994123,3.2814
2024-02-06 17:00:00,TikTok,300.0,3.2739
2024-02-06 17:05:00,TikTok,300.0,3.3016
2024-02-06 17:10:00,TikTok,182.77534701950822,3.2871
2024-02-06 17:15:00,System_Idle,300.0,3.3464
2024-02-06 17:20:00,System_Idle,300.0,3.3567
2024-02-06 17:25:00,System_Idle,300.0,3.3491
2024-02-06 17:30:00,System_Idle,300.0,3.34
2024-02-06 17:35:00,System_Idle,300.0,3.3382
2024-02-06 17:40:00,System_Idle,300.0,3.3368
2024-02-06 17:45:00,System_Idle,300.0,3.3263
2024-02-06 17:50:00,WeChat,65.26284733009629,3.3045
2024-02-06 17:55:00,TikTok,300.0,3.2999
2024-02-06 18:00:00,TikTok,300.0,3.2808
2024-02-06 18:05:00,TikTok,300.0,3.2684
2024-02-06 18:10:00,TikTok,300.0,3.2652
2024-02-06 18:15:00,TikTok,300.0,3.3083
2024-02-06 18:20:00,TikTok,300.0,3.2771
2024-02-06 18:25:00,TikTok,300.0,3.2676
2024-02-06 18:30:00,TikTok,300.0,3.3032
2024-02-06 18:35:00,TikTok,300.0,3.2871
2024-02-06 18:40:00,TikTok,289.5662238360087,3.2694
2024-02-06 18:45:00,Camera,80.15013407700681,3.2954
2024-02-06 18:50:00,TikTok,300.0,
2024-02-06 18:55:00,TikTok,300.0,3.2685
2024-02-06 19:00:00,TikTok,262.39264110601516,3.3005
2024-02-06 19:05:00,TikTok,300.0,3.2826
2024-02-06 19:10:00,TikTok,300.0,3.2603
2024-02-06 19:15:00,TikTok,300.0,3.3072
2024-02-06 19:20:00,TikTok,57.528603054801806,3.2803
2024-02-06 19:25:00,WeChat,71.44702641950046,3.3128
2024-02-06 19:30:00,System_Idle,300.0,3.346
2024-02-06 19:35:00,System_Idle,300.0,
2024-02-06 19:40:00,System_Idle,300.0,0.0
2024-02-06 19:45:00,System_Idle,300.0,3.3298
2024-02-06 19:50:00,System_Idle,300.0,3.3196
2024-02-06 19:55:00,System_Idle,300.0,3.3433
2024-02-06 20:00:00,System_Idle,300.0,3.3207
2024-02-06 20:05:00,System_Idle,300.0,3.3312
2024-02-06 20:10:00,System_Idle,300.0,3.328
2024-02-06 20:15:00,System_Idle,300.0,
2024-02-06 20:20:00,System_Idle,300.0,3.3214
2024-02-06 20:25:00,System_Idle,300.0,3.3307
2024-02-06 20:30:00,System_Idle,300.0,3.3419
2024-02-06 20:35:00,System_Idle,300.0,0.0
2024-02-06 20:40:00,System_Idle,300.0,3.3074
2024-02-06 20:45:00,System_Idle,300.0,3.3183
2024-02-06 20:50:00,System_Idle,300.0,3.3655
2024-02-06 20:55:00,System_Idle,300.0,3.3397
2024-02-06 21:00:00,System_Idle,300.0,3.3595
2024-02-06 21:05:00,System_Idle,300.0,3.37
2024-02-06 21:10:00,System_Idle,300.0,3.3425
2024-02-06 21:15:00,System_Idle,300.0,3.3552
2024-02-06 21:20:00,System_Idle,300.0,3.3568
2024-02-06 21:25:00,System_Idle,300.0,3.3572
2024-02-06 21:30:00,WeChat,11.654730107503193,3.3269
2024-02-06 21:35:00,System_Idle,300.0,3.3566
2024-02-06 21:40:00,System_Idle,300.0,3.343
2024-02-06 21:45:00,System_Idle,300.0,3.3208
2024-02-06 21:50:00,System_Idle,300.0,3.3399
2024-02-06 21:55:00,System_Idle,300.0,3.3593
2024-02-06 22:00:00,System_Idle,300.0,3.3376
2024-02-06 22:05:00,System_Idle,300.0,3.3283
2024-02-06 22:10:00,System_Idle,300.0,3.3467
2024-02-06 22:15:00,System_Idle,300.0,3.3302
2024-02-06 22:20:00,System_Idle,300.0,3.3371
2024-02-06 22:25:00,System_Idle,300.0,3.3373
2024-02-06 22:30:00,TikTok,17.988238489210868,3.2732
2024-02-06 22:35:00,TikTok,265.24846240243306,3.2849
2024-02-06 22:40:00,System_Idle,300.0,3.3542
2024-02-06 22:45:00,System_Idle,300.0,3.3455
2024-02-06 22:50:00,System_Idle,300.0,3.3591
2024-02-06 22:55:00,System_Idle,300.0,3.3449
2024-02-06 23:00:00,System_Idle,300.0,3.3374
2024-02-06 23:05:00,System_Idle,300.0,3.3448
2024-02-06 23:10:00,System_Idle,300.0,3.3538
2024-02-06 23:15:00,System_Idle,300.0,3.3278
2024-02-06 23:20:00,System_Idle,300.0,3.3436
2024-02-06 23:25:00,System_Idle,300.0,3.3441
2024-02-06 23:30:00,System_Idle,300.0,3.3562
2024-02-06 23:35:00,System_Idle,300.0,3.3396
2024-02-06 23:40:00,System_Idle,300.0,3.3594
2024-02-06 23:45:00,System_Idle,300.0,3.3307
2024-02-06 23:50:00,System_Idle,300.0,3.3395
2024-02-06 23:55:00,System_Idle,300.0,3.3327
2024-02-07 00:00:00,WeChat,270.3500212702656,3.3169
2024-02-07 00:05:00,System_Idle,300.0,3.3363
2024-02-07 00:10:00,System_Idle,300.0,3.3232
2024-02-07 00:15:00,System_Idle,300.0,3.3295
2024-02-07 00:20:00,System_Idle,300.0,3.33
2024-02-07 00:25:00,System_Idle,300.0,3.3343
2024-02-07 00:30:00,System_Idle,300.0,3.3324
2024-02-07 00:35:00,System_Idle,300.0,3.3191
2024-02-07 00:40:00,System_Idle,300.0,3.3319
2024-02-07 00:45:00,System_Idle,300.0,3.3182
2024-02-07 00:50:00,System_Idle,300.0,3.3196
2024-02-07 00:55:00,System_Idle,300.0,3.3258
2024-02-07 01:00:00,System_Idle,300.0,3.3572
2024-02-07 01:05:00,System_Idle,300.0,3.3941
2024-02-07 01:10:00,System_Idle,300.0,3.4528
2024-02-07 01:15:00,System_Idle,300.0,3.4871
2024-02-07 01:20:00,System_Idle,300.0,3.5305
2024-02-07 01:25:00,System_Idle,300.0,3.5766
2024-02-07 01:30:00,System_Idle,300.0,3.6278
2024-02-07 01:35:00,System_Idle,300.0,3.666
2024-02-07 01:40:00,System_Idle,300.0,3.6823
2024-02-07 01:45:00,System_Idle,300.0,3.7632
2024-02-07 01:50:00,System_Idle,300.0,3.7858
2024-02-07 01:55:00,System_Idle,300.0,3.822
2024-02-07 02:00:00,System_Idle,300.0,3.8904
2024-02-07 02:05:00,System_Idle,300.0,0.0
2024-02-07 02:10:00,System_Idle,300.0,3.9525
2024-02-07 02:15:00,System_Idle,300.0,3.9229
2024-02-07 02:20:00,System_Idle,300.0,3.9406
2024-02-07 02:25:00,System_Idle,300.0,3.9437
2024-02-07 02:30:00,System_Idle,300.0,3.9181
2024-02-07 02:35:00,System_Idle,300.0,3.932
2024-02-07 02:40:00,System_Idle,300.0,3.9066
2024-02-07 02:45:00,System_Idle,300.0,3.9353
2024-02-07 02:50:00,System_Idle,300.0,3.9233
2024-02-07 02:55:00,System_Idle,300.0,3.9081
2024-02-07 03:00:00,System_Idle,300.0,3.9286
2024-02-07 03:05:00,System_Idle,300.0,3.9194
2024-02-07 03:10:00,System_Idle,300.0,3.9328
2024-02-07 03:15:00,System_Idle,300.0,3.9095
2024-02-07 03:20:00,System_Idle,300.0,3.921
2024-02-07 03:25:00,System_Idle,300.0,3.9166
2024-02-07 03:30:00,System_Idle,300.0,3.9163
2024-02-07 03:35:00,System_Idle,300.0,3.9092
2024-02-07 03:40:00,System_Idle,300.0,3.9106
2024-02-07 03:45:00,System_Idle,300.0,3.9259
2024-02-07 03:50:00,System_Idle,300.0,3.9215
2024-02-07 03:55:00,System_Idle,300.0,3.9234
2024-02-07 04:00:00,System_Idle,300.0,3.9197
2024-02-07 04:05:00,System_Idle,300.0,3.9056
2024-02-07 04:10:00,System_Idle,300.0,3.9102
2024-02-07 04:15:00,System_Idle,300.0,3.9383
2024-02-07 04:20:00,System_Idle,300.0,3.894
2024-02-07 04:25:00,System_Idle,300.0,3.9007
2024-02-07 04:30:00,System_Idle,300.0,3.8888
2024-02-07 04:35:00,System_Idle,300.0,3.8902
2024-02-07 04:40:00,System_Idle,300.0,3.903
2024-02-07 04:45:00,System_Idle,300.0,3.8894
2024-02-07 04:50:00,System_Idle,300.0,3.9555
2024-02-07 04:55:00,System_Idle,300.0,3.9612
2024-02-07 05:00:00,System_Idle,300.0,3.9361
2024-02-07 05:05:00,System_Idle,300.0,3.9388
2024-02-07 05:10:00,System_Idle,300.0,3.9508
2024-02-07 05:15:00,System_Idle,300.0,3.9571
2024-02-07 05:20:00,System_Idle,300.0,3.9522
2024-02-07 05:25:00,System_Idle,300.0,3.9382
2024-02-07 05:30:00,System_Idle,300.0,3.9372
2024-02-07 05:35:00,System_Idle,300.0,3.9397
2024-02-07 05:40:00,System_Idle,300.0,3.9369
2024-02-07 05:45:00,System_Idle,300.0,3.9457
2024-02-07 05:50:00,System_Idle,300.0,3.9312
2024-02-07 05:55:00,System_Idle,300.0,3.9281
2024-02-07 06:00:00,System_Idle,300.0,3.9334
2024-02-07 06:05:00,System_Idle,300.0,3.9372
2024-02-07 06:10:00,System_Idle,300.0,3.9382
2024-02-07 06:15:00,System_Idle,300.0,3.9249
2024-02-07 06:20:00,System_Idle,300.0,3.9413
2024-02-07 06:25:00,System_Idle,300.0,3.931
2024-02-07 06:30:00,System_Idle,300.0,
2024-02-07 06:35:00,System_Idle,300.0,3.9201
2024-02-07 06:40:00,System_Idle,300.0,3.9167
2024-02-07 06:45:00,System_Idle,300.0,3.9251
2024-02-07 06:50:00,System_Idle,300.0,3.932
2024-02-07 06:55:00,System_Idle,300.0,3.9333
2024-02-07 07:00:00,System_Idle,300.0,3.911
2024-02-07 07:05:00,System_Idle,300.0,3.9288
2024-02-07 07:10:00,System_Idle,300.0,3.9239
2024-02-07 07:15:00,System_Idle,300.0,3.9288
2024-02-07 07:20:00,System_Idle,300.0,3.9296
2024-02-07 07:25:00,System_Idle,300.0,3.9238
2024-02-07 07:30:00,System_Idle,300.0,3.9227
2024-02-07 07:35:00,System_Idle,300.0,3.8975
2024-02-07 07:40:00,System_Idle,300.0,3.9233
2024-02-07 07:45:00,System_Idle,300.0,3.9301
2024-02-07 07:50:00,System_Idle,300.0,3.905
2024-02-07 07:55:00,System_Idle,300.0,3.9063
2024-02-07 08:00:00,System_Idle,300.0,3.9147
2024-02-07 08:05:00,System_Idle,300.0,3.8983
2024-02-07 08:10:00,System_Idle,300.0,3.9066
2024-02-07 08:15:00,System_Idle,300.0,3.9043
2024-02-07 08:20:00,System_Idle,300.0,3.9315
2024-02-07 08:25:00,System_Idle,300.0,3.9132
2024-02-07 08:30:00,System_Idle,300.0,3.896
2024-02-07 08:35:00,System_Idle,300.0,3.9162
2024-02-07 08:40:00,System_Idle,300.0,3.8927
2024-02-07 08:45:00,System_Idle,300.0,3.905
2024-02-07 08:50:00,TikTok,290.6191455555004,3.8475
2024-02-07 08:55:00,System_Idle,300.0,3.8955
2024-02-07 09:00:00,System_Idle,300.0,3.8847
2024-02-07 09:05:00,System_Idle,300.0,0.0
2024-02-07 09:10:00,System_Idle,300.0,3.8843
2024-02-07 09:15:00,System_Idle,300.0,3.8923
2024-02-07 09:20:00,System_Idle,300.0,3.8963
2024-02-07 09:25:00,System_Idle,300.0,3.8695
2024-02-07 09:30:00,System_Idle,300.0,3.8788
2024-02-07 09:35:00,System_Idle,300.0,3.8456
2024-02-07 09:40:00,System_Idle,300.0,3.8776
2024-02-07 09:45:00,System_Idle,300.0,3.886
2024-02-07 09:50:00,System_Idle,300.0,3.8622
2024-02-07 09:55:00,System_Idle,300.0,3.8654
2024-02-07 10:00:00,System_Idle,300.0,3.8575
2024-02-07 10:05:00,System_Idle,300.0,3.8664
2024-02-07 10:10:00,System_Idle,300.0,3.8651
2024-02-07 10:15:00,System_Idle,300.0,3.8746
2024-02-07 10:20:00,System_Idle,300.0,3.8522
2024-02-07 10:25:00,System_Idle,300.0,3.8735
2024-02-07 10:30:00,System_Idle,300.0,3.8757
2024-02-07 10:35:00,System_Idle,300.0,3.8554
2024-02-07 10:40:00,System_Idle,300.0,3.8648
2024-02-07 10:45:00,System_Idle,300.0,3.8744
2024-02-07 10:50:00,System_Idle,300.0,3.8436
2024-02-07 10:55:00,System_Idle,300.0,3.8636
2024-02-07 11:00:00,System_Idle,300.0,3.8581
2024-02-07 11:05:00,System_Idle,300.0,3.859
2024-02-07 11:10:00,System_Idle,300.0,3.854
2024-02-07 11:15:00,System_Idle,300.0,3.8542
2024-02-07 11:20:00,TikTok,300.0,3.7971
2024-02-07 11:25:00,TikTok,87.50344648430178,3.7829
2024-02-07 11:30:00,System_Idle,300.0,3.8056
2024-02-07 11:35:00,System_Idle,300.0,3.8187
2024-02-07 11:40:00,System_Idle,300.0,3.8224
2024-02-07 11:45:00,System_Idle,300.0,3.8252
2024-02-07 11:50:00,System_Idle,300.0,3.8313
2024-02-07 11:55:00,System_Idle,300.0,3.8196
2024-02-07 12:00:00,System_Idle,300.0,3.8163
2024-02-07 12:05:00,System_Idle,300.0,3.8091
2024-02-07 12:10:00,System_Idle,300.0,3.8136
2024-02-07 12:15:00,System_Idle,300.0,3.8001
2024-02-07 12:20:00,System_Idle,300.0,3.8126
2024-02-07 12:25:00,System_Idle,300.0,3.8203
2024-02-07 12:30:00,System_Idle,300.0,3.8065
2024-02-07 12:35:00,System_Idle,300.0,3.8058
2024-02-07 12:40:00,System_Idle,300.0,3.7978
2024-02-07 12:45:00,System_Idle,300.0,3.7917
2024-02-07 12:50:00,System_Idle,300.0,
2024-02-07 12:55:00,System_Idle,300.0,3.7795
2024-02-07 13:00:00,System_Idle,300.0,3.8161
2024-02-07 13:05:00,System_Idle,300.0,3.8162
2024-02-07 13:10:00,System_Idle,300.0,3.7903
2024-02-07 13:15:00,System_Idle,300.0,3.8077
2024-02-07 13:20:00,System_Idle,300.0,3.79
2024-02-07 13:25:00,System_Idle,300.0,3.7908
2024-02-07 13:30:00,System_Idle,300.0,3.798
2024-02-07 13:35:00,System_Idle,300.0,3.8081
2024-02-07 13:40:00,TikTok,300.0,3.7455
2024-02-07 13:45:00,TikTok,300.0,3.72
2024-02-07 13:50:00,TikTok,153.21119589525756,3.7391
2024-02-07 13:55:00,Camera,73.86897911710581,3.6923
2024-02-07 14:00:00,WeChat,242.8720224928686,3.6789
2024-02-07 14:05:00,Camera,58.22799278016666,3.6409
2024-02-07 14:10:00,WeChat,105.17438364745838,3.6731
2024-02-07 14:15:00,Camera,70.05027280638203,3.6306
2024-02-07 14:20:00,TikTok,145.44256239220903,3.6288
2024-02-07 14:25:00,HonorOfKings,300.0,3.5415
2024-02-07 14:30:00,HonorOfKings,300.0,3.5326
2024-02-07 14:35:00,HonorOfKings,300.0,3.4987
2024-02-07 14:40:00,HonorOfKings,300.0,3.4835
2024-02-07 14:45:00,HonorOfKings,42.79397304831468,3.451
2024-02-07 14:50:00,WeChat,25.945014313621268,3.4798
2024-02-07 14:55:00,WeChat,98.99056622165192,3.4951
2024-02-07 15:00:00,WeChat,11.314189635903524,3.4711
2024-02-07 15:05:00,TikTok,189.97924039955976,3.4586
2024-02-07 15:10:00,WeChat,186.05187724722217,3.4509
2024-02-07 15:15:00,System_Idle,300.0,3.4749
2024-02-07 15:20:00,System_Idle,300.0,3.4806
2024-02-07 15:25:00,System_Idle,300.0,3.4865
2024-02-07 15:30:00,System_Idle,300.0,3.4849
2024-02-07 15:35:00,System_Idle,300.0,
2024-02-07 15:40:00,System_Idle,300.0,3.4854
2024-02-07 15:45:00,System_Idle,300.0,3.4881
2024-02-07 15:50:00,System_Idle,300.0,3.4733
2024-02-07 15:55:00,System_Idle,300.0,3.4985
2024-02-07 16:00:00,System_Idle,300.0,3.4868
2024-02-07 16:05:00,System_Idle,300.0,3.4621
2024-02-07 16:10:00,System_Idle,300.0,3.4713
2024-02-07 16:15:00,System_Idle,300.0,3.4565
2024-02-07 16:20:00,System_Idle,300.0,3.4859
2024-02-07 16:25:00,System_Idle,300.0,3.48
2024-02-07 16:30:00,System_Idle,300.0,3.4712
2024-02-07 16:35:00,System_Idle,300.0,3.4686
2024-02-07 16:40:00,System_Idle,300.0,3.4793
2024-02-07 16:45:00,System_Idle,300.0,3.4556
2024-02-07 16:50:00,System_Idle,300.0,3.459
2024-02-07 16:55:00,System_Idle,300.0,3.46
2024-02-07 17:00:00,System_Idle,300.0,3.4612
2024-02-07 17:05:00,System_Idle,300.0,3.4468
2024-02-07 17:10:00,System_Idle,300.0,3.4549
2024-02-07 17:15:00,System_Idle,300.0,3.4539
2024-02-07 17:20:00,System_Idle,300.0,3.4684
2024-02-07 17:25:00,System_Idle,300.0,
2024-02-07 17:30:00,HonorOfKings,300.0,3.3311
2024-02-07 17:35:00,HonorOfKings,300.0,
2024-02-07 17:40:00,HonorOfKings,300.0,3.2848
2024-02-07 17:45:00,HonorOfKings,300.0,3.2542
2024-02-07 17:50:00,HonorOfKings,287.6644037733297,3.2085
2024-02-07 17:55:00,TikTok,300.0,3.3012
2024-02-07 18:00:00,TikTok,152.3099597884892,3.2903
2024-02-07 18:05:00,WeChat,89.7094533806923,3.3198
2024-02-07 18:10:00,WeChat,25.549004910665445,3.2943
2024-02-07 18:15:00,System_Idle,300.0,3.3435
2024-02-07 18:20:00,System_Idle,300.0,3.3165
2024-02-07 18:25:00,System_Idle,300.0,3.3439
2024-02-07 18:30:00,System_Idle,300.0,3.3035
2024-02-07 18:35:00,System_Idle,300.0,3.3278
2024-02-07 18:40:00,System_Idle,300.0,3.3274
2024-02-07 18:45:00,System_Idle,300.0,3.3122
2024-02-07 18:50:00,System_Idle,300.0,3.3409
2024-02-07 18:55:00,System_Idle,300.0,3.3256
2024-02-07 19:00:00,TikTok,300.0,3.2904
2024-02-07 19:05:00,TikTok,300.0,3.2919
2024-02-07 19:10:00,TikTok,300.0,3.2478
2024-02-07 19:15:00,TikTok,300.0,3.3133
2024-02-07 19:20:00,TikTok,300.0,3.2975
2024-02-07 19:25:00,TikTok,300.0,3.2629
2024-02-07 19:30:00,TikTok,300.0,3.2957
2024-02-07 19:35:00,TikTok,300.0,3.291
2024-02-07 19:40:00,TikTok,300.0,3.2865
2024-02-07 19:45:00,TikTok,300.0,3.3178
2024-02-07 19:50:00,TikTok,114.03869632352644,3.3159
2024-02-07 19:55:00,TikTok,300.0,3.2685
2024-02-07 20:00:00,TikTok,300.0,3.3096
2024-02-07 20:05:00,TikTok,300.0,3.2961
2024-02-07 20:10:00,TikTok,300.0,3.2702
2024-02-07 20:15:00,TikTok,154.530783817851,3.2672
2024-02-07 20:20:00,System_Idle,300.0,3.3191
2024-02-07 20:25:00,System_Idle,300.0,3.3137
2024-02-07 20:30:00,System_Idle,300.0,3.3609
2024-02-07 20:35:00,System_Idle,300.0,3.3743
2024-02-07 20:40:00,System_Idle,300.0,3.346
2024-02-07 20:45:00,System_Idle,300.0,3.3613
2024-02-07 20:50:00,System_Idle,300.0,3.3542
2024-02-07 20:55:00,System_Idle,300.0,3.3246
2024-02-07 21:00:00,System_Idle,300.0,3.3447
2024-02-07 21:05:00,System_Idle,300.0,3.3725
2024-02-07 21:10:00,System_Idle,300.0,3.3664
2024-02-07 21:15:00,System_Idle,300.0,3.3605
2024-02-07 21:20:00,System_Idle,300.0,3.3394
2024-02-07 21:25:00,System_Idle,300.0,3.3765
2024-02-07 21:30:00,System_Idle,300.0,3.3605
2024-02-07 21:35:00,System_Idle,300.0,3.3376
2024-02-07 21:40:00,System_Idle,300.0,3.3538
2024-02-07 21:45:00,System_Idle,300.0,3.3577
2024-02-07 21:50:00,System_Idle,300.0,3.343
2024-02-07 21:55:00,System_Idle,300.0,3.3454
2024-02-07 22:00:00,System_Idle,300.0,
2024-02-07 22:05:00,TikTok,300.0,3.2583
2024-02-07 22:10:00,TikTok,300.0,3.2998
2024-02-07 22:15:00,TikTok,300.0,3.285
2024-02-07 22:20:00,TikTok,300.0,3.2901
2024-02-07 22:25:00,TikTok,300.0,3.2729
2024-02-07 22:30:00,TikTok,300.0,3.3045
2024-02-07 22:35:00,TikTok,300.0,3.2747
2024-02-07 22:40:00,TikTok,300.0,3.2588
2024-02-07 22:45:00,TikTok,163.3447683030845,3.3221
2024-02-07 22:50:00,System_Idle,300.0,3.3432
2024-02-07 22:55:00,System_Idle,300.0,
2024-02-07 23:00:00,System_Idle,300.0,3.351
2024-02-07 23:05:00,System_Idle,300.0,3.3538
2024-02-07 23:10:00,System_Idle,300.0,3.3336
2024-02-07 23:15:00,System_Idle,300.0,3.3482
2024-02-07 23:20:00,System_Idle,300.0,3.329
2024-02-07 23:25:00,System_Idle,300.0,3.3465
2024-02-07 23:30:00,System_Idle,300.0,3.3341
2024-02-07 23:35:00,System_Idle,300.0,3.3421
2024-02-07 23:40:00,System_Idle,300.0,3.3532
2024-02-07 23:45:00,System_Idle,300.0,3.3475
2024-02-07 23:50:00,System_Idle,300.0,3.3162
2024-02-07 23:55:00,System_Idle,300.0,3.3437
